ENTIDAD,CONCEPTO,TIPO,2019,2020,2021,2022,2023,2024,2025
AGUASCALIENTES,CONTRA LA SALUD,COMERCIO,0.0,0.0,0.0,-100.0,0.0,0.0,0.0
AGUASCALIENTES,CONTRA LA SALUD,OTROS,0.0,0.0,0.0,-100.0,0.0,0.0,100.0
AGUASCALIENTES,CONTRA LA SALUD,POSESION,10.42,24.53,-3.03,-32.81,-2.33,19.05,42.0
AGUASCALIENTES,CONTRA LA SALUD,PRODUCCION,33.33,-100.0,0.0,-100.0,0.0,0.0,0.0
AGUASCALIENTES,CONTRA LA SALUD,SUMINISTRO,0.0,0.0,0.0,0.0,-100.0,0.0,-100.0
AGUASCALIENTES,CONTRA LA SALUD,TRAFICO,0.0,0.0,40.0,28.57,-33.33,50.0,-88.89
AGUASCALIENTES,CONTRA LA SALUD,TRANSPORTE,-20.0,100.0,37.5,36.36,80.0,-37.04,-88.24
AGUASCALIENTES,LEY FEDERAL CONTRA LA DELINCUENCIA ORGANIZADA (L.F.C.D.O.),CONTRA LA SALUD,100.0,-100.0,0.0,-100.0,0.0,0.0,100.0
AGUASCALIENTES,LEY FEDERAL CONTRA LA DELINCUENCIA ORGANIZADA (L.F.C.D.O.),OTROS DELITOS PREVISTOS EN LA L.F.C.D.O.,-100.0,0.0,200.0,-66.67,0.0,0.0,-100.0
AGUASCALIENTES,LEY GENERAL DE SALUD (L.G.S.),CONTRA LA SALUD EN SU MODALIDAD DE NARCOMENUDEO,-44.44,6.67,-50.0,-87.5,0.0,300.0,25.0
AGUASCALIENTES,LEY GENERAL DE SALUD (L.G.S.),OTROS DELITOS PREVISTOS EN LA L.G.S.,0.0,-100.0,0.0,0.0,-83.33,-100.0,0.0
AGUASCALIENTES,OTRAS LEYES Y CODIGOS,CODIGO FISCAL DE LA FEDERACION (C.F.F.),-26.32,28.57,-27.78,-53.85,33.33,12.5,-22.22
AGUASCALIENTES,OTRAS LEYES Y CODIGOS,LEY DE LA PROPIEDAD INDUSTRIAL (L.P.I.),-50.0,0.0,200.0,-100.0,0.0,-100.0,0.0
AGUASCALIENTES,OTRAS LEYES Y CODIGOS,LEY DE MIGRACION,200.0,-100.0,0.0,33.33,-50.0,-50.0,-100.0
AGUASCALIENTES,OTRAS LEYES Y CODIGOS,LEY DE VIAS GENERALES DE COMUNICACION (L.V.G.C.),8.7,-40.0,313.33,-25.81,45.65,-19.4,-37.04
AGUASCALIENTES,OTRAS LEYES Y CODIGOS,LEY FEDERAL DE ARMAS DE FUEGO Y EXPLOSIVOS (L.F.A.F.E.),-29.52,27.03,-28.72,-19.4,11.11,30.0,-2.56
AGUASCALIENTES,OTRAS LEYES Y CODIGOS,LEY FEDERAL DEL DERECHO DE AUTOR (L.F.D.A.),0.0,0.0,0.0,0.0,0.0,0.0,0.0
AGUASCALIENTES,OTRAS LEYES Y CODIGOS,LEY FEDERAL PARA PREVENIR Y SANCIONAR LOS DELITOS COMETIDOS EN MATERIA DE HIDROCARBUROS (L.F.P.S.D.C.M.H.),0.0,-64.29,180.0,-78.57,-66.67,200.0,0.0
AGUASCALIENTES,OTRAS LEYES Y CODIGOS,LEY GENERAL EN MATERIA DE DELITOS ELECTORALES (L.G.M.D.E.),0.0,-7.14,69.23,-68.18,-100.0,0.0,-64.0
AGUASCALIENTES,OTRAS LEYES Y CODIGOS,"LEYES DE INSTITUCIONES DE CREDITO, INVERSION, FIANZAS Y SEGUROS",0.0,28.57,122.22,-85.0,233.33,210.0,-80.65
AGUASCALIENTES,OTRAS LEYES Y CODIGOS,OTRAS LEYES ESPECIALES,10.0,-40.91,61.54,147.62,-25.0,-41.03,147.83
AGUASCALIENTES,OTROS DELITOS,COMETIDOS POR SERVIDORES PUBLICOS,375.0,-42.11,9.09,-8.33,190.91,-59.38,-38.46
AGUASCALIENTES,OTROS DELITOS,CONTRA EL AMBIENTE Y LA GESTION AMBIENTAL,-71.43,150.0,-20.0,-25.0,0.0,-66.67,300.0
AGUASCALIENTES,OTROS DELITOS,CONTRA LA INTEGRIDAD CORPORAL,20.0,-33.33,-50.0,-50.0,700.0,12.5,-22.22
AGUASCALIENTES,OTROS DELITOS,ELECTORALES,0.0,0.0,0.0,0.0,0.0,0.0,-100.0
AGUASCALIENTES,OTROS DELITOS,EN MATERIA DE DERECHOS DE AUTOR,0.0,0.0,-50.0,0.0,-100.0,0.0,-100.0
AGUASCALIENTES,OTROS DELITOS,"FALSEDAD, TITULO DECIMO TERCERO",-29.41,-16.67,60.0,-62.5,66.67,20.0,16.67
AGUASCALIENTES,OTROS DELITOS,OTROS DELITOS DEL C.P.F.,-67.39,-40.0,88.89,100.0,-20.59,3.7,0.0
AGUASCALIENTES,OTROS DELITOS,PATRIMONIALES,138.46,-62.9,30.43,30.0,-19.23,109.52,-69.7
AGUASCALIENTES,OTROS DELITOS,VIAS DE COMUNICACION Y CORRESPONDENCIA,0.0,-66.67,0.0,0.0,-100.0,0.0,-100.0
BAJA CALIFORNIA,CONTRA LA SALUD,COMERCIO,-93.55,650.0,-33.33,-60.0,-25.0,-66.67,0.0
BAJA CALIFORNIA,CONTRA LA SALUD,OTROS,-51.72,157.14,-69.44,36.36,-13.33,-7.69,0.0
BAJA CALIFORNIA,CONTRA LA SALUD,POSESION,19.07,0.0,14.95,1.24,25.38,-17.32,-9.44
BAJA CALIFORNIA,CONTRA LA SALUD,PRODUCCION,81.52,-92.22,-76.92,0.0,0.0,66.67,20.0
BAJA CALIFORNIA,CONTRA LA SALUD,SUMINISTRO,0.0,-100.0,0.0,-100.0,0.0,0.0,-50.0
BAJA CALIFORNIA,CONTRA LA SALUD,TRAFICO,125.0,500.0,-16.67,-30.0,49.21,-19.15,84.21
BAJA CALIFORNIA,CONTRA LA SALUD,TRANSPORTE,-65.85,542.86,-14.44,-20.78,-52.46,-37.93,88.89
BAJA CALIFORNIA,LEY FEDERAL CONTRA LA DELINCUENCIA ORGANIZADA (L.F.C.D.O.),CONTRA LA SALUD,200.0,-100.0,0.0,-100.0,0.0,200.0,-33.33
BAJA CALIFORNIA,LEY FEDERAL CONTRA LA DELINCUENCIA ORGANIZADA (L.F.C.D.O.),OTROS DELITOS PREVISTOS EN LA L.F.C.D.O.,-100.0,0.0,80.0,-22.22,-71.43,250.0,-28.57
BAJA CALIFORNIA,LEY GENERAL DE SALUD (L.G.S.),CONTRA LA SALUD EN SU MODALIDAD DE NARCOMENUDEO,-5.88,-8.33,-50.0,-9.09,-10.0,-72.22,200.0
BAJA CALIFORNIA,LEY GENERAL DE SALUD (L.G.S.),OTROS DELITOS PREVISTOS EN LA L.G.S.,-100.0,0.0,50.0,-33.33,-100.0,0.0,0.0
BAJA CALIFORNIA,OTRAS LEYES Y CODIGOS,CODIGO FISCAL DE LA FEDERACION (C.F.F.),4.95,-11.32,-51.06,-30.43,28.12,4.88,9.3
BAJA CALIFORNIA,OTRAS LEYES Y CODIGOS,LEY DE LA PROPIEDAD INDUSTRIAL (L.P.I.),61.9,-44.12,-78.95,-25.0,500.0,-11.11,37.5
BAJA CALIFORNIA,OTRAS LEYES Y CODIGOS,LEY DE MIGRACION,92.31,-12.0,90.91,16.67,-10.2,25.0,-27.27
BAJA CALIFORNIA,OTRAS LEYES Y CODIGOS,LEY DE VIAS GENERALES DE COMUNICACION (L.V.G.C.),5128.57,-97.27,-70.0,-66.67,200.0,0.0,233.33
BAJA CALIFORNIA,OTRAS LEYES Y CODIGOS,LEY FEDERAL DE ARMAS DE FUEGO Y EXPLOSIVOS (L.F.A.F.E.),-15.53,-3.78,1.18,-0.52,20.81,-2.91,-12.86
BAJA CALIFORNIA,OTRAS LEYES Y CODIGOS,LEY FEDERAL DEL DERECHO DE AUTOR (L.F.D.A.),0.0,0.0,0.0,0.0,0.0,0.0,0.0
BAJA CALIFORNIA,OTRAS LEYES Y CODIGOS,LEY FEDERAL PARA PREVENIR Y SANCIONAR LOS DELITOS COMETIDOS EN MATERIA DE HIDROCARBUROS (L.F.P.S.D.C.M.H.),0.0,-32.31,34.09,-22.03,-36.96,93.1,426.79
BAJA CALIFORNIA,OTRAS LEYES Y CODIGOS,LEY GENERAL EN MATERIA DE DELITOS ELECTORALES (L.G.M.D.E.),0.0,0.0,88.89,-82.35,-33.33,550.0,-53.85
BAJA CALIFORNIA,OTRAS LEYES Y CODIGOS,"LEYES DE INSTITUCIONES DE CREDITO, INVERSION, FIANZAS Y SEGUROS",63.64,-33.33,-8.33,36.36,-6.67,-78.57,33.33
BAJA CALIFORNIA,OTRAS LEYES Y CODIGOS,OTRAS LEYES ESPECIALES,-8.26,-20.0,45.0,38.79,-34.78,22.86,-23.26
BAJA CALIFORNIA,OTROS DELITOS,COMETIDOS POR SERVIDORES PUBLICOS,111.11,-30.53,-40.91,38.46,18.52,89.06,-55.37
BAJA CALIFORNIA,OTROS DELITOS,CONTRA EL AMBIENTE Y LA GESTION AMBIENTAL,11.11,16.67,-60.0,-14.29,-16.67,-20.0,87.5
BAJA CALIFORNIA,OTROS DELITOS,CONTRA LA INTEGRIDAD CORPORAL,340.0,-72.73,0.0,-16.67,80.0,44.44,-30.77
BAJA CALIFORNIA,OTROS DELITOS,ELECTORALES,-100.0,0.0,0.0,0.0,0.0,0.0,0.0
BAJA CALIFORNIA,OTROS DELITOS,EN MATERIA DE DERECHOS DE AUTOR,-72.73,-33.33,650.0,-100.0,0.0,-33.33,50.0
BAJA CALIFORNIA,OTROS DELITOS,"FALSEDAD, TITULO DECIMO TERCERO",-13.24,3.39,19.67,-38.36,22.22,36.36,-10.67
BAJA CALIFORNIA,OTROS DELITOS,OTROS DELITOS DEL C.P.F.,171.3,-90.1,48.28,-37.21,3.7,60.71,-2.22
BAJA CALIFORNIA,OTROS DELITOS,PATRIMONIALES,-65.55,-63.66,13.07,12.72,-19.49,59.87,-17.93
BAJA CALIFORNIA,OTROS DELITOS,VIAS DE COMUNICACION Y CORRESPONDENCIA,1475.0,-79.37,-61.54,20.0,233.33,-25.0,26.67
BAJA CALIFORNIA SUR,CONTRA LA SALUD,COMERCIO,600.0,-100.0,0.0,-100.0,0.0,-20.0,0.0
BAJA CALIFORNIA SUR,CONTRA LA SALUD,OTROS,-100.0,0.0,0.0,200.0,-100.0,0.0,0.0
BAJA CALIFORNIA SUR,CONTRA LA SALUD,POSESION,77.78,-3.12,-29.03,36.36,93.33,25.86,-68.49
BAJA CALIFORNIA SUR,CONTRA LA SALUD,PRODUCCION,-78.57,-100.0,0.0,0.0,-50.0,-100.0,0.0
BAJA CALIFORNIA SUR,CONTRA LA SALUD,SUMINISTRO,0.0,0.0,-100.0,0.0,0.0,0.0,0.0
BAJA CALIFORNIA SUR,CONTRA LA SALUD,TRAFICO,0.0,0.0,-57.95,-56.76,-87.5,300.0,112.5
BAJA CALIFORNIA SUR,CONTRA LA SALUD,TRANSPORTE,-11.11,183.33,91.18,-46.92,-13.04,-25.0,-46.67
BAJA CALIFORNIA SUR,LEY FEDERAL CONTRA LA DELINCUENCIA ORGANIZADA (L.F.C.D.O.),CONTRA LA SALUD,0.0,0.0,0.0,0.0,0.0,0.0,0.0
BAJA CALIFORNIA SUR,LEY FEDERAL CONTRA LA DELINCUENCIA ORGANIZADA (L.F.C.D.O.),OTROS DELITOS PREVISTOS EN LA L.F.C.D.O.,0.0,0.0,-100.0,0.0,0.0,0.0,0.0
BAJA CALIFORNIA SUR,LEY GENERAL DE SALUD (L.G.S.),CONTRA LA SALUD EN SU MODALIDAD DE NARCOMENUDEO,-42.86,-75.0,0.0,0.0,-33.33,900.0,80.0
BAJA CALIFORNIA SUR,LEY GENERAL DE SALUD (L.G.S.),OTROS DELITOS PREVISTOS EN LA L.G.S.,-100.0,0.0,0.0,-50.0,-100.0,0.0,600.0
BAJA CALIFORNIA SUR,OTRAS LEYES Y CODIGOS,CODIGO FISCAL DE LA FEDERACION (C.F.F.),23.53,-61.9,112.5,-47.06,11.11,50.0,-20.0
BAJA CALIFORNIA SUR,OTRAS LEYES Y CODIGOS,LEY DE LA PROPIEDAD INDUSTRIAL (L.P.I.),-50.0,-33.33,100.0,-75.0,0.0,200.0,33.33
BAJA CALIFORNIA SUR,OTRAS LEYES Y CODIGOS,LEY DE MIGRACION,0.0,0.0,0.0,0.0,-100.0,0.0,-100.0
BAJA CALIFORNIA SUR,OTRAS LEYES Y CODIGOS,LEY DE VIAS GENERALES DE COMUNICACION (L.V.G.C.),20.0,33.33,-50.0,275.0,53.33,34.78,-19.35
BAJA CALIFORNIA SUR,OTRAS LEYES Y CODIGOS,LEY FEDERAL DE ARMAS DE FUEGO Y EXPLOSIVOS (L.F.A.F.E.),12.12,-51.35,44.44,42.31,-8.11,11.76,155.26
BAJA CALIFORNIA SUR,OTRAS LEYES Y CODIGOS,LEY FEDERAL DEL DERECHO DE AUTOR (L.F.D.A.),0.0,0.0,0.0,0.0,0.0,0.0,0.0
BAJA CALIFORNIA SUR,OTRAS LEYES Y CODIGOS,LEY FEDERAL PARA PREVENIR Y SANCIONAR LOS DELITOS COMETIDOS EN MATERIA DE HIDROCARBUROS (L.F.P.S.D.C.M.H.),0.0,-50.0,600.0,57.14,-50.0,-9.09,0.0
BAJA CALIFORNIA SUR,OTRAS LEYES Y CODIGOS,LEY GENERAL EN MATERIA DE DELITOS ELECTORALES (L.G.M.D.E.),0.0,0.0,250.0,0.0,-85.71,600.0,-71.43
BAJA CALIFORNIA SUR,OTRAS LEYES Y CODIGOS,"LEYES DE INSTITUCIONES DE CREDITO, INVERSION, FIANZAS Y SEGUROS",-83.93,455.56,-12.0,-68.18,57.14,4.55,-86.96
BAJA CALIFORNIA SUR,OTRAS LEYES Y CODIGOS,OTRAS LEYES ESPECIALES,23.53,-52.38,40.0,-42.86,58.33,-21.05,66.67
BAJA CALIFORNIA SUR,OTROS DELITOS,COMETIDOS POR SERVIDORES PUBLICOS,61.54,-42.86,50.0,-5.56,29.41,54.55,55.88
BAJA CALIFORNIA SUR,OTROS DELITOS,CONTRA EL AMBIENTE Y LA GESTION AMBIENTAL,375.0,-26.32,-28.57,25.0,20.0,73.33,13.46
BAJA CALIFORNIA SUR,OTROS DELITOS,CONTRA LA INTEGRIDAD CORPORAL,150.0,-50.0,80.0,-88.89,1100.0,-33.33,25.0
BAJA CALIFORNIA SUR,OTROS DELITOS,ELECTORALES,-100.0,0.0,0.0,0.0,-100.0,0.0,0.0
BAJA CALIFORNIA SUR,OTROS DELITOS,EN MATERIA DE DERECHOS DE AUTOR,-100.0,0.0,0.0,0.0,-27.27,-62.5,666.67
BAJA CALIFORNIA SUR,OTROS DELITOS,"FALSEDAD, TITULO DECIMO TERCERO",-5.88,-18.75,46.15,-26.32,-35.71,11.11,60.0
BAJA CALIFORNIA SUR,OTROS DELITOS,OTROS DELITOS DEL C.P.F.,-34.04,-51.61,20.0,-22.22,35.71,-47.37,160.0
BAJA CALIFORNIA SUR,OTROS DELITOS,PATRIMONIALES,-40.1,-14.88,9.71,-39.82,48.53,6.93,11.11
BAJA CALIFORNIA SUR,OTROS DELITOS,VIAS DE COMUNICACION Y CORRESPONDENCIA,0.0,-100.0,0.0,0.0,-100.0,0.0,1700.0
CAMPECHE,CONTRA LA SALUD,COMERCIO,0.0,-71.7,-90.0,-100.0,0.0,25.0,40.0
CAMPECHE,CONTRA LA SALUD,OTROS,-100.0,0.0,0.0,0.0,-100.0,0.0,0.0
CAMPECHE,CONTRA LA SALUD,POSESION,500.0,-83.33,600.0,-57.14,100.0,16.67,128.57
CAMPECHE,CONTRA LA SALUD,PRODUCCION,0.0,-100.0,0.0,0.0,0.0,0.0,0.0
CAMPECHE,CONTRA LA SALUD,SUMINISTRO,0.0,0.0,0.0,0.0,0.0,0.0,0.0
CAMPECHE,CONTRA LA SALUD,TRAFICO,0.0,0.0,-92.31,-100.0,0.0,0.0,100.0
CAMPECHE,CONTRA LA SALUD,TRANSPORTE,0.0,-25.0,266.67,-63.64,-25.0,66.67,-80.0
CAMPECHE,LEY FEDERAL CONTRA LA DELINCUENCIA ORGANIZADA (L.F.C.D.O.),CONTRA LA SALUD,0.0,0.0,-100.0,0.0,0.0,0.0,-100.0
CAMPECHE,LEY FEDERAL CONTRA LA DELINCUENCIA ORGANIZADA (L.F.C.D.O.),OTROS DELITOS PREVISTOS EN LA L.F.C.D.O.,0.0,0.0,0.0,0.0,-100.0,0.0,0.0
CAMPECHE,LEY GENERAL DE SALUD (L.G.S.),CONTRA LA SALUD EN SU MODALIDAD DE NARCOMENUDEO,975.0,18.6,-100.0,0.0,0.0,-100.0,0.0
CAMPECHE,LEY GENERAL DE SALUD (L.G.S.),OTROS DELITOS PREVISTOS EN LA L.G.S.,-100.0,0.0,100.0,-100.0,0.0,0.0,0.0
CAMPECHE,OTRAS LEYES Y CODIGOS,CODIGO FISCAL DE LA FEDERACION (C.F.F.),-30.0,-42.86,250.0,-64.29,160.0,-46.15,-28.57
CAMPECHE,OTRAS LEYES Y CODIGOS,LEY DE LA PROPIEDAD INDUSTRIAL (L.P.I.),200.0,0.0,-100.0,0.0,0.0,0.0,0.0
CAMPECHE,OTRAS LEYES Y CODIGOS,LEY DE MIGRACION,0.0,-100.0,0.0,300.0,125.0,-55.56,75.0
CAMPECHE,OTRAS LEYES Y CODIGOS,LEY DE VIAS GENERALES DE COMUNICACION (L.V.G.C.),-16.22,-35.48,-25.0,33.33,-65.0,-71.43,1550.0
CAMPECHE,OTRAS LEYES Y CODIGOS,LEY FEDERAL DE ARMAS DE FUEGO Y EXPLOSIVOS (L.F.A.F.E.),-9.38,-17.24,12.5,-3.7,100.0,-38.46,121.88
CAMPECHE,OTRAS LEYES Y CODIGOS,LEY FEDERAL DEL DERECHO DE AUTOR (L.F.D.A.),0.0,0.0,0.0,0.0,0.0,0.0,0.0
CAMPECHE,OTRAS LEYES Y CODIGOS,LEY FEDERAL PARA PREVENIR Y SANCIONAR LOS DELITOS COMETIDOS EN MATERIA DE HIDROCARBUROS (L.F.P.S.D.C.M.H.),0.0,-26.47,-64.0,144.44,-27.27,143.75,89.74
CAMPECHE,OTRAS LEYES Y CODIGOS,LEY GENERAL EN MATERIA DE DELITOS ELECTORALES (L.G.M.D.E.),0.0,-66.67,1900.0,-90.0,150.0,0.0,-60.0
CAMPECHE,OTRAS LEYES Y CODIGOS,"LEYES DE INSTITUCIONES DE CREDITO, INVERSION, FIANZAS Y SEGUROS",0.0,200.0,-66.67,0.0,-100.0,0.0,-33.33
CAMPECHE,OTRAS LEYES Y CODIGOS,OTRAS LEYES ESPECIALES,-48.28,-6.67,-21.43,72.73,-68.42,100.0,108.33
CAMPECHE,OTROS DELITOS,COMETIDOS POR SERVIDORES PUBLICOS,38.1,13.79,-48.48,94.12,-45.45,61.11,-37.93
CAMPECHE,OTROS DELITOS,CONTRA EL AMBIENTE Y LA GESTION AMBIENTAL,15.38,-65.0,-23.81,268.75,-28.81,-30.95,20.69
CAMPECHE,OTROS DELITOS,CONTRA LA INTEGRIDAD CORPORAL,600.0,-57.14,33.33,25.0,-40.0,100.0,-66.67
CAMPECHE,OTROS DELITOS,ELECTORALES,-100.0,0.0,0.0,0.0,0.0,0.0,0.0
CAMPECHE,OTROS DELITOS,EN MATERIA DE DERECHOS DE AUTOR,-100.0,0.0,-75.0,-100.0,0.0,0.0,0.0
CAMPECHE,OTROS DELITOS,"FALSEDAD, TITULO DECIMO TERCERO",-25.0,66.67,-85.0,200.0,11.11,0.0,270.0
CAMPECHE,OTROS DELITOS,OTROS DELITOS DEL C.P.F.,-16.67,-44.0,-35.71,66.67,20.0,0.0,-55.56
CAMPECHE,OTROS DELITOS,PATRIMONIALES,22.35,-28.85,12.16,-37.35,42.31,-6.76,2.9
CAMPECHE,OTROS DELITOS,VIAS DE COMUNICACION Y CORRESPONDENCIA,1000.0,-45.45,-66.67,100.0,75.0,-71.43,550.0
CHIAPAS,CONTRA LA SALUD,COMERCIO,-100.0,0.0,33.33,-100.0,0.0,100.0,-25.0
CHIAPAS,CONTRA LA SALUD,OTROS,-75.0,-25.0,-33.33,-50.0,-100.0,0.0,0.0
CHIAPAS,CONTRA LA SALUD,POSESION,33.33,100.0,-62.5,-66.67,150.0,140.0,-25.0
CHIAPAS,CONTRA LA SALUD,PRODUCCION,0.0,-96.97,-100.0,0.0,-100.0,0.0,0.0
CHIAPAS,CONTRA LA SALUD,SUMINISTRO,0.0,0.0,0.0,-100.0,0.0,0.0,0.0
CHIAPAS,CONTRA LA SALUD,TRAFICO,-88.89,566.67,0.0,-10.0,11.11,70.0,-38.24
CHIAPAS,CONTRA LA SALUD,TRANSPORTE,-88.89,4100.0,-21.43,-21.21,-11.54,21.74,89.29
CHIAPAS,LEY FEDERAL CONTRA LA DELINCUENCIA ORGANIZADA (L.F.C.D.O.),CONTRA LA SALUD,0.0,0.0,0.0,-50.0,250.0,-85.71,200.0
CHIAPAS,LEY FEDERAL CONTRA LA DELINCUENCIA ORGANIZADA (L.F.C.D.O.),OTROS DELITOS PREVISTOS EN LA L.F.C.D.O.,0.0,-50.0,-100.0,0.0,-20.0,25.0,-20.0
CHIAPAS,LEY GENERAL DE SALUD (L.G.S.),CONTRA LA SALUD EN SU MODALIDAD DE NARCOMENUDEO,137.04,39.06,-52.81,-19.05,-5.88,-25.0,29.17
CHIAPAS,LEY GENERAL DE SALUD (L.G.S.),OTROS DELITOS PREVISTOS EN LA L.G.S.,0.0,-100.0,0.0,0.0,-100.0,0.0,0.0
CHIAPAS,OTRAS LEYES Y CODIGOS,CODIGO FISCAL DE LA FEDERACION (C.F.F.),-36.36,109.52,-18.18,-61.11,21.43,5.88,16.67
CHIAPAS,OTRAS LEYES Y CODIGOS,LEY DE LA PROPIEDAD INDUSTRIAL (L.P.I.),0.0,300.0,-12.5,-85.71,0.0,100.0,150.0
CHIAPAS,OTRAS LEYES Y CODIGOS,LEY DE MIGRACION,77.42,-60.61,84.62,7.5,-46.51,-46.38,-37.84
CHIAPAS,OTRAS LEYES Y CODIGOS,LEY DE VIAS GENERALES DE COMUNICACION (L.V.G.C.),-28.09,-29.69,317.78,-10.64,8.93,-15.3,-6.45
CHIAPAS,OTRAS LEYES Y CODIGOS,LEY FEDERAL DE ARMAS DE FUEGO Y EXPLOSIVOS (L.F.A.F.E.),61.11,-24.14,40.0,14.29,-10.23,27.85,-6.44
CHIAPAS,OTRAS LEYES Y CODIGOS,LEY FEDERAL DEL DERECHO DE AUTOR (L.F.D.A.),0.0,0.0,0.0,0.0,0.0,0.0,0.0
CHIAPAS,OTRAS LEYES Y CODIGOS,LEY FEDERAL PARA PREVENIR Y SANCIONAR LOS DELITOS COMETIDOS EN MATERIA DE HIDROCARBUROS (L.F.P.S.D.C.M.H.),0.0,-40.0,13.33,-5.88,-25.0,-52.78,235.29
CHIAPAS,OTRAS LEYES Y CODIGOS,LEY GENERAL EN MATERIA DE DELITOS ELECTORALES (L.G.M.D.E.),0.0,-64.1,407.14,-87.32,44.44,38.46,227.78
CHIAPAS,OTRAS LEYES Y CODIGOS,"LEYES DE INSTITUCIONES DE CREDITO, INVERSION, FIANZAS Y SEGUROS",-16.67,80.0,-11.11,37.5,-72.73,266.67,-36.36
CHIAPAS,OTRAS LEYES Y CODIGOS,OTRAS LEYES ESPECIALES,-1.16,-31.76,58.62,45.65,-20.15,0.93,40.74
CHIAPAS,OTROS DELITOS,COMETIDOS POR SERVIDORES PUBLICOS,73.33,-6.92,-41.32,5.63,-6.67,27.14,-16.85
CHIAPAS,OTROS DELITOS,CONTRA EL AMBIENTE Y LA GESTION AMBIENTAL,-1.72,-10.53,5.88,-31.48,-10.81,15.15,-18.42
CHIAPAS,OTROS DELITOS,CONTRA LA INTEGRIDAD CORPORAL,87.5,-46.67,175.0,31.82,-17.24,45.83,-40.0
CHIAPAS,OTROS DELITOS,ELECTORALES,-100.0,0.0,0.0,0.0,0.0,0.0,0.0
CHIAPAS,OTROS DELITOS,EN MATERIA DE DERECHOS DE AUTOR,400.0,-80.0,100.0,-100.0,0.0,0.0,0.0
CHIAPAS,OTROS DELITOS,"FALSEDAD, TITULO DECIMO TERCERO",-7.69,-53.57,25.64,-14.29,-21.43,-12.12,82.76
CHIAPAS,OTROS DELITOS,OTROS DELITOS DEL C.P.F.,1.12,-30.0,7.94,29.41,-38.64,72.22,-46.24
CHIAPAS,OTROS DELITOS,PATRIMONIALES,-21.97,-63.16,47.86,5.8,20.09,31.94,-35.45
CHIAPAS,OTROS DELITOS,VIAS DE COMUNICACION Y CORRESPONDENCIA,200.0,88.89,35.29,-26.09,23.53,-4.76,-5.0
CHIHUAHUA,CONTRA LA SALUD,COMERCIO,-77.78,1150.0,-8.0,-73.91,100.0,-75.0,233.33
CHIHUAHUA,CONTRA LA SALUD,OTROS,9.76,-53.33,-23.81,68.75,-37.04,11.76,-15.79
CHIHUAHUA,CONTRA LA SALUD,POSESION,40.6,-8.02,19.19,-30.24,-8.39,12.98,-18.24
CHIHUAHUA,CONTRA LA SALUD,PRODUCCION,80.0,-97.22,200.0,-100.0,0.0,0.0,0.0
CHIHUAHUA,CONTRA LA SALUD,SUMINISTRO,-77.27,-100.0,0.0,0.0,0.0,-100.0,0.0
CHIHUAHUA,CONTRA LA SALUD,TRAFICO,0.0,0.0,21.74,-50.0,-21.43,90.91,-4.76
CHIHUAHUA,CONTRA LA SALUD,TRANSPORTE,75.0,185.71,-30.0,-42.86,37.5,9.09,-8.33
CHIHUAHUA,LEY FEDERAL CONTRA LA DELINCUENCIA ORGANIZADA (L.F.C.D.O.),CONTRA LA SALUD,0.0,-66.67,-100.0,0.0,50.0,-33.33,0.0
CHIHUAHUA,LEY FEDERAL CONTRA LA DELINCUENCIA ORGANIZADA (L.F.C.D.O.),OTROS DELITOS PREVISTOS EN LA L.F.C.D.O.,0.0,-50.0,200.0,33.33,25.0,60.0,-25.0
CHIHUAHUA,LEY GENERAL DE SALUD (L.G.S.),CONTRA LA SALUD EN SU MODALIDAD DE NARCOMENUDEO,132.0,-67.24,42.11,-29.63,10.53,0.0,-9.52
CHIHUAHUA,LEY GENERAL DE SALUD (L.G.S.),OTROS DELITOS PREVISTOS EN LA L.G.S.,-75.0,-50.0,100.0,-100.0,0.0,0.0,-66.67
CHIHUAHUA,OTRAS LEYES Y CODIGOS,CODIGO FISCAL DE LA FEDERACION (C.F.F.),-61.14,-5.88,-9.38,-74.14,93.33,44.83,-30.95
CHIHUAHUA,OTRAS LEYES Y CODIGOS,LEY DE LA PROPIEDAD INDUSTRIAL (L.P.I.),33.33,-75.0,50.0,-33.33,0.0,-50.0,1200.0
CHIHUAHUA,OTRAS LEYES Y CODIGOS,LEY DE MIGRACION,50.0,-20.0,83.33,18.18,0.0,-23.08,-30.0
CHIHUAHUA,OTRAS LEYES Y CODIGOS,LEY DE VIAS GENERALES DE COMUNICACION (L.V.G.C.),7.69,0.0,214.29,29.55,5.26,-6.67,-3.57
CHIHUAHUA,OTRAS LEYES Y CODIGOS,LEY FEDERAL DE ARMAS DE FUEGO Y EXPLOSIVOS (L.F.A.F.E.),20.28,9.02,-19.91,-29.06,24.26,1.52,21.37
CHIHUAHUA,OTRAS LEYES Y CODIGOS,LEY FEDERAL DEL DERECHO DE AUTOR (L.F.D.A.),0.0,0.0,0.0,0.0,0.0,0.0,0.0
CHIHUAHUA,OTRAS LEYES Y CODIGOS,LEY FEDERAL PARA PREVENIR Y SANCIONAR LOS DELITOS COMETIDOS EN MATERIA DE HIDROCARBUROS (L.F.P.S.D.C.M.H.),0.0,-6.15,-50.82,-66.67,440.0,79.63,57.73
CHIHUAHUA,OTRAS LEYES Y CODIGOS,LEY GENERAL EN MATERIA DE DELITOS ELECTORALES (L.G.M.D.E.),0.0,55.56,-7.14,-46.15,-28.57,80.0,44.44
CHIHUAHUA,OTRAS LEYES Y CODIGOS,"LEYES DE INSTITUCIONES DE CREDITO, INVERSION, FIANZAS Y SEGUROS",11.11,-43.33,-5.88,0.0,-31.25,163.64,-20.69
CHIHUAHUA,OTRAS LEYES Y CODIGOS,OTRAS LEYES ESPECIALES,-57.55,-49.15,-13.33,169.23,35.71,-35.79,6.56
CHIHUAHUA,OTROS DELITOS,COMETIDOS POR SERVIDORES PUBLICOS,140.0,-30.56,-46.0,181.48,-60.53,36.67,-9.76
CHIHUAHUA,OTROS DELITOS,CONTRA EL AMBIENTE Y LA GESTION AMBIENTAL,225.0,61.54,-19.05,-17.65,-50.0,-85.71,900.0
CHIHUAHUA,OTROS DELITOS,CONTRA LA INTEGRIDAD CORPORAL,100.0,-5.56,-58.82,14.29,75.0,-14.29,33.33
CHIHUAHUA,OTROS DELITOS,ELECTORALES,-100.0,0.0,0.0,0.0,0.0,0.0,0.0
CHIHUAHUA,OTROS DELITOS,EN MATERIA DE DERECHOS DE AUTOR,150.0,-90.0,100.0,-100.0,0.0,0.0,100.0
CHIHUAHUA,OTROS DELITOS,"FALSEDAD, TITULO DECIMO TERCERO",2.94,31.43,-8.7,-59.52,35.29,34.78,-16.13
CHIHUAHUA,OTROS DELITOS,OTROS DELITOS DEL C.P.F.,-54.7,-9.43,-22.92,-40.54,77.27,17.95,39.13
CHIHUAHUA,OTROS DELITOS,PATRIMONIALES,-65.86,-7.08,5.08,-15.46,-5.71,32.73,-13.7
CHIHUAHUA,OTROS DELITOS,VIAS DE COMUNICACION Y CORRESPONDENCIA,-33.33,62.5,-23.08,60.0,-37.5,-60.0,25.0
CIUDAD DE MEXICO,CONTRA LA SALUD,COMERCIO,-91.67,700.0,4.17,-84.0,100.0,0.0,-50.0
CIUDAD DE MEXICO,CONTRA LA SALUD,OTROS,143.24,-96.67,-33.33,-50.0,0.0,-100.0,0.0
CIUDAD DE MEXICO,CONTRA LA SALUD,POSESION,91.89,-53.52,-21.21,57.69,78.05,19.18,8.05
CIUDAD DE MEXICO,CONTRA LA SALUD,PRODUCCION,-29.41,-100.0,0.0,0.0,300.0,-25.0,-66.67
CIUDAD DE MEXICO,CONTRA LA SALUD,SUMINISTRO,13600.0,-99.27,700.0,-100.0,0.0,0.0,-100.0
CIUDAD DE MEXICO,CONTRA LA SALUD,TRAFICO,-45.57,290.7,-10.12,-3.31,-21.23,46.09,-11.9
CIUDAD DE MEXICO,CONTRA LA SALUD,TRANSPORTE,-20.0,1087.5,-71.58,-77.78,100.0,25.0,-86.67
CIUDAD DE MEXICO,LEY FEDERAL CONTRA LA DELINCUENCIA ORGANIZADA (L.F.C.D.O.),CONTRA LA SALUD,283.33,-52.17,-63.64,75.0,-14.29,-16.67,60.0
CIUDAD DE MEXICO,LEY FEDERAL CONTRA LA DELINCUENCIA ORGANIZADA (L.F.C.D.O.),OTROS DELITOS PREVISTOS EN LA L.F.C.D.O.,30.0,30.77,11.76,-31.58,-30.77,133.33,23.81
CIUDAD DE MEXICO,LEY GENERAL DE SALUD (L.G.S.),CONTRA LA SALUD EN SU MODALIDAD DE NARCOMENUDEO,270.27,-97.81,0.0,133.33,-14.29,-83.33,100.0
CIUDAD DE MEXICO,LEY GENERAL DE SALUD (L.G.S.),OTROS DELITOS PREVISTOS EN LA L.G.S.,-50.0,71.43,33.33,18.75,100.0,-13.16,-30.3
CIUDAD DE MEXICO,OTRAS LEYES Y CODIGOS,CODIGO FISCAL DE LA FEDERACION (C.F.F.),-20.99,77.34,-44.49,-7.14,17.09,35.04,-21.62
CIUDAD DE MEXICO,OTRAS LEYES Y CODIGOS,LEY DE LA PROPIEDAD INDUSTRIAL (L.P.I.),69.49,-39.33,43.96,-43.13,-18.12,81.15,-22.17
CIUDAD DE MEXICO,OTRAS LEYES Y CODIGOS,LEY DE MIGRACION,37.5,-90.91,1000.0,-54.55,0.0,-40.0,-100.0
CIUDAD DE MEXICO,OTRAS LEYES Y CODIGOS,LEY DE VIAS GENERALES DE COMUNICACION (L.V.G.C.),241.18,-13.79,-10.0,-77.78,120.0,-9.09,40.0
CIUDAD DE MEXICO,OTRAS LEYES Y CODIGOS,LEY FEDERAL DE ARMAS DE FUEGO Y EXPLOSIVOS (L.F.A.F.E.),25.99,-38.9,27.84,-10.08,-2.91,-11.32,-15.36
CIUDAD DE MEXICO,OTRAS LEYES Y CODIGOS,LEY FEDERAL DEL DERECHO DE AUTOR (L.F.D.A.),0.0,0.0,0.0,0.0,0.0,0.0,0.0
CIUDAD DE MEXICO,OTRAS LEYES Y CODIGOS,LEY FEDERAL PARA PREVENIR Y SANCIONAR LOS DELITOS COMETIDOS EN MATERIA DE HIDROCARBUROS (L.F.P.S.D.C.M.H.),0.0,-56.25,23.21,27.54,-27.27,-37.5,72.5
CIUDAD DE MEXICO,OTRAS LEYES Y CODIGOS,LEY GENERAL EN MATERIA DE DELITOS ELECTORALES (L.G.M.D.E.),0.0,55.56,62.24,-52.2,-28.95,105.56,52.25
CIUDAD DE MEXICO,OTRAS LEYES Y CODIGOS,"LEYES DE INSTITUCIONES DE CREDITO, INVERSION, FIANZAS Y SEGUROS",-28.14,-51.0,-30.84,-3.81,-31.39,-28.07,-10.66
CIUDAD DE MEXICO,OTRAS LEYES Y CODIGOS,OTRAS LEYES ESPECIALES,-21.26,-48.6,5.88,25.4,24.05,-6.38,4.36
CIUDAD DE MEXICO,OTROS DELITOS,COMETIDOS POR SERVIDORES PUBLICOS,142.74,1.94,-6.91,33.21,-36.21,42.58,-12.56
CIUDAD DE MEXICO,OTROS DELITOS,CONTRA EL AMBIENTE Y LA GESTION AMBIENTAL,8.57,-28.95,7.41,0.0,3.45,-66.67,50.0
CIUDAD DE MEXICO,OTROS DELITOS,CONTRA LA INTEGRIDAD CORPORAL,186.11,-44.66,-24.56,151.16,25.0,6.67,-22.22
CIUDAD DE MEXICO,OTROS DELITOS,ELECTORALES,-100.0,0.0,-100.0,0.0,0.0,-100.0,0.0
CIUDAD DE MEXICO,OTROS DELITOS,EN MATERIA DE DERECHOS DE AUTOR,173.33,-41.46,58.33,28.95,95.92,69.79,-31.29
CIUDAD DE MEXICO,OTROS DELITOS,"FALSEDAD, TITULO DECIMO TERCERO",26.18,-46.2,-5.4,52.72,7.12,29.24,2.31
CIUDAD DE MEXICO,OTROS DELITOS,OTROS DELITOS DEL C.P.F.,-15.85,-18.83,-15.52,12.88,11.07,5.44,-16.76
CIUDAD DE MEXICO,OTROS DELITOS,PATRIMONIALES,-52.32,-21.66,-13.04,12.58,9.77,32.68,-24.56
CIUDAD DE MEXICO,OTROS DELITOS,VIAS DE COMUNICACION Y CORRESPONDENCIA,2100.0,-50.0,-18.18,11.11,10.0,-45.45,250.0
COAHUILA,CONTRA LA SALUD,COMERCIO,-100.0,0.0,20.0,0.0,33.33,50.0,41.67
COAHUILA,CONTRA LA SALUD,OTROS,-93.1,-100.0,0.0,0.0,0.0,0.0,0.0
COAHUILA,CONTRA LA SALUD,POSESION,270.59,-34.92,34.15,-34.55,58.33,17.54,5.97
COAHUILA,CONTRA LA SALUD,PRODUCCION,350.0,-100.0,0.0,0.0,-100.0,0.0,0.0
COAHUILA,CONTRA LA SALUD,SUMINISTRO,200.0,-83.33,-100.0,0.0,0.0,-66.67,-100.0
COAHUILA,CONTRA LA SALUD,TRAFICO,-66.67,1900.0,30.0,-50.0,-23.08,0.0,180.0
COAHUILA,CONTRA LA SALUD,TRANSPORTE,0.0,377.78,11.63,-66.67,-56.25,257.14,0.0
COAHUILA,LEY FEDERAL CONTRA LA DELINCUENCIA ORGANIZADA (L.F.C.D.O.),CONTRA LA SALUD,0.0,-100.0,0.0,-100.0,0.0,0.0,0.0
COAHUILA,LEY FEDERAL CONTRA LA DELINCUENCIA ORGANIZADA (L.F.C.D.O.),OTROS DELITOS PREVISTOS EN LA L.F.C.D.O.,0.0,-100.0,0.0,0.0,0.0,-100.0,0.0
COAHUILA,LEY GENERAL DE SALUD (L.G.S.),CONTRA LA SALUD EN SU MODALIDAD DE NARCOMENUDEO,0.0,0.0,-50.0,0.0,0.0,0.0,-100.0
COAHUILA,LEY GENERAL DE SALUD (L.G.S.),OTROS DELITOS PREVISTOS EN LA L.G.S.,0.0,0.0,-100.0,0.0,-100.0,0.0,-100.0
COAHUILA,OTRAS LEYES Y CODIGOS,CODIGO FISCAL DE LA FEDERACION (C.F.F.),-44.44,-35.0,-34.62,41.18,16.67,14.29,37.5
COAHUILA,OTRAS LEYES Y CODIGOS,LEY DE LA PROPIEDAD INDUSTRIAL (L.P.I.),66.67,-40.0,66.67,20.0,-66.67,-50.0,1100.0
COAHUILA,OTRAS LEYES Y CODIGOS,LEY DE MIGRACION,-36.36,-82.86,983.33,-9.23,-62.71,-31.82,-66.67
COAHUILA,OTRAS LEYES Y CODIGOS,LEY DE VIAS GENERALES DE COMUNICACION (L.V.G.C.),-83.05,-30.0,0.0,-14.29,250.0,71.43,-72.22
COAHUILA,OTRAS LEYES Y CODIGOS,LEY FEDERAL DE ARMAS DE FUEGO Y EXPLOSIVOS (L.F.A.F.E.),-16.5,-18.6,-11.43,38.71,-38.37,-28.3,55.26
COAHUILA,OTRAS LEYES Y CODIGOS,LEY FEDERAL DEL DERECHO DE AUTOR (L.F.D.A.),0.0,0.0,0.0,0.0,0.0,0.0,0.0
COAHUILA,OTRAS LEYES Y CODIGOS,LEY FEDERAL PARA PREVENIR Y SANCIONAR LOS DELITOS COMETIDOS EN MATERIA DE HIDROCARBUROS (L.F.P.S.D.C.M.H.),0.0,38.1,-2.3,-24.71,76.56,49.56,0.59
COAHUILA,OTRAS LEYES Y CODIGOS,LEY GENERAL EN MATERIA DE DELITOS ELECTORALES (L.G.M.D.E.),0.0,400.0,5.0,-95.24,100.0,100.0,100.0
COAHUILA,OTRAS LEYES Y CODIGOS,"LEYES DE INSTITUCIONES DE CREDITO, INVERSION, FIANZAS Y SEGUROS",-44.44,-50.0,20.0,-33.33,25.0,100.0,-50.0
COAHUILA,OTRAS LEYES Y CODIGOS,OTRAS LEYES ESPECIALES,60.87,-33.78,12.24,0.0,-36.36,28.57,15.56
COAHUILA,OTROS DELITOS,COMETIDOS POR SERVIDORES PUBLICOS,81.82,-7.5,70.27,11.11,35.71,-11.58,-3.57
COAHUILA,OTROS DELITOS,CONTRA EL AMBIENTE Y LA GESTION AMBIENTAL,0.0,-62.5,133.33,-100.0,0.0,-50.0,900.0
COAHUILA,OTROS DELITOS,CONTRA LA INTEGRIDAD CORPORAL,100.0,10.0,145.45,-51.85,-7.69,100.0,-33.33
COAHUILA,OTROS DELITOS,ELECTORALES,-100.0,0.0,0.0,0.0,0.0,0.0,0.0
COAHUILA,OTROS DELITOS,EN MATERIA DE DERECHOS DE AUTOR,100.0,-100.0,0.0,0.0,0.0,0.0,0.0
COAHUILA,OTROS DELITOS,"FALSEDAD, TITULO DECIMO TERCERO",92.0,-54.17,-27.27,187.5,-50.0,26.09,3.45
COAHUILA,OTROS DELITOS,OTROS DELITOS DEL C.P.F.,-52.86,-30.3,91.3,-20.45,-25.71,7.69,-32.14
COAHUILA,OTROS DELITOS,PATRIMONIALES,-34.71,-47.37,79.0,52.51,4.76,-31.82,42.56
COAHUILA,OTROS DELITOS,VIAS DE COMUNICACION Y CORRESPONDENCIA,850.0,-5.26,50.0,-11.11,-66.67,162.5,47.62
COLIMA,CONTRA LA SALUD,COMERCIO,200.0,100.0,-100.0,0.0,-91.67,100.0,300.0
COLIMA,CONTRA LA SALUD,OTROS,-83.33,0.0,0.0,100.0,-50.0,100.0,-100.0
COLIMA,CONTRA LA SALUD,POSESION,246.15,-11.11,27.5,98.04,9.9,-12.61,62.89
COLIMA,CONTRA LA SALUD,PRODUCCION,450.0,-90.91,0.0,100.0,-50.0,-100.0,0.0
COLIMA,CONTRA LA SALUD,SUMINISTRO,0.0,-100.0,0.0,0.0,0.0,0.0,-100.0
COLIMA,CONTRA LA SALUD,TRAFICO,0.0,33.33,-25.0,66.67,-50.0,40.0,-57.14
COLIMA,CONTRA LA SALUD,TRANSPORTE,-100.0,0.0,-100.0,0.0,-100.0,0.0,0.0
COLIMA,LEY FEDERAL CONTRA LA DELINCUENCIA ORGANIZADA (L.F.C.D.O.),CONTRA LA SALUD,0.0,-100.0,0.0,0.0,0.0,0.0,0.0
COLIMA,LEY FEDERAL CONTRA LA DELINCUENCIA ORGANIZADA (L.F.C.D.O.),OTROS DELITOS PREVISTOS EN LA L.F.C.D.O.,-100.0,0.0,-100.0,0.0,-100.0,0.0,200.0
COLIMA,LEY GENERAL DE SALUD (L.G.S.),CONTRA LA SALUD EN SU MODALIDAD DE NARCOMENUDEO,100.0,200.0,-66.67,700.0,337.5,-45.71,-97.37
COLIMA,LEY GENERAL DE SALUD (L.G.S.),OTROS DELITOS PREVISTOS EN LA L.G.S.,-100.0,0.0,200.0,-100.0,0.0,0.0,-100.0
COLIMA,OTRAS LEYES Y CODIGOS,CODIGO FISCAL DE LA FEDERACION (C.F.F.),-25.0,111.11,-15.79,-12.5,-14.29,-16.67,-30.0
COLIMA,OTRAS LEYES Y CODIGOS,LEY DE LA PROPIEDAD INDUSTRIAL (L.P.I.),-26.83,13.33,50.0,37.25,-10.0,-9.52,-33.33
COLIMA,OTRAS LEYES Y CODIGOS,LEY DE MIGRACION,0.0,0.0,0.0,0.0,0.0,0.0,0.0
COLIMA,OTRAS LEYES Y CODIGOS,LEY DE VIAS GENERALES DE COMUNICACION (L.V.G.C.),-21.43,-54.55,150.0,20.0,20.0,27.78,-69.57
COLIMA,OTRAS LEYES Y CODIGOS,LEY FEDERAL DE ARMAS DE FUEGO Y EXPLOSIVOS (L.F.A.F.E.),28.57,-21.6,-13.39,42.73,-24.84,0.85,-31.09
COLIMA,OTRAS LEYES Y CODIGOS,LEY FEDERAL DEL DERECHO DE AUTOR (L.F.D.A.),0.0,0.0,0.0,0.0,0.0,0.0,0.0
COLIMA,OTRAS LEYES Y CODIGOS,LEY FEDERAL PARA PREVENIR Y SANCIONAR LOS DELITOS COMETIDOS EN MATERIA DE HIDROCARBUROS (L.F.P.S.D.C.M.H.),0.0,-23.08,-20.0,50.0,8.33,-61.54,40.0
COLIMA,OTRAS LEYES Y CODIGOS,LEY GENERAL EN MATERIA DE DELITOS ELECTORALES (L.G.M.D.E.),0.0,100.0,150.0,-40.0,-100.0,0.0,-71.43
COLIMA,OTRAS LEYES Y CODIGOS,"LEYES DE INSTITUCIONES DE CREDITO, INVERSION, FIANZAS Y SEGUROS",0.0,300.0,25.0,0.0,-60.0,50.0,66.67
COLIMA,OTRAS LEYES Y CODIGOS,OTRAS LEYES ESPECIALES,106.25,-39.39,40.0,67.86,-19.15,-28.95,29.63
COLIMA,OTROS DELITOS,COMETIDOS POR SERVIDORES PUBLICOS,250.0,-17.14,113.79,-62.9,-60.87,288.89,-31.43
COLIMA,OTROS DELITOS,CONTRA EL AMBIENTE Y LA GESTION AMBIENTAL,400.0,6.67,6.25,-23.53,-7.69,-58.33,120.0
COLIMA,OTROS DELITOS,CONTRA LA INTEGRIDAD CORPORAL,60.0,-12.5,0.0,57.14,-9.09,20.0,-41.67
COLIMA,OTROS DELITOS,ELECTORALES,-100.0,0.0,0.0,0.0,0.0,0.0,0.0
COLIMA,OTROS DELITOS,EN MATERIA DE DERECHOS DE AUTOR,0.0,-37.5,140.0,116.67,53.85,62.5,-38.46
COLIMA,OTROS DELITOS,"FALSEDAD, TITULO DECIMO TERCERO",-7.14,53.85,-10.0,-27.78,7.69,0.0,-57.14
COLIMA,OTROS DELITOS,OTROS DELITOS DEL C.P.F.,-54.55,-60.0,0.0,283.33,-13.04,-20.0,6.25
COLIMA,OTROS DELITOS,PATRIMONIALES,-31.62,-12.5,44.29,-21.78,-10.13,46.48,7.69
COLIMA,OTROS DELITOS,VIAS DE COMUNICACION Y CORRESPONDENCIA,1300.0,-57.14,216.67,200.0,-66.67,-21.05,93.33
DURANGO,CONTRA LA SALUD,COMERCIO,-100.0,0.0,-75.0,300.0,125.0,-77.78,150.0
DURANGO,CONTRA LA SALUD,OTROS,0.0,-11.11,-66.67,0.0,18.75,0.0,-36.84
DURANGO,CONTRA LA SALUD,POSESION,-15.79,-25.0,58.33,-10.53,70.59,-27.59,-57.14
DURANGO,CONTRA LA SALUD,PRODUCCION,-28.57,-90.0,100.0,50.0,-66.67,100.0,-50.0
DURANGO,CONTRA LA SALUD,SUMINISTRO,0.0,-100.0,0.0,-100.0,0.0,0.0,0.0
DURANGO,CONTRA LA SALUD,TRAFICO,-100.0,0.0,-25.0,-22.22,142.86,-17.65,128.57
DURANGO,CONTRA LA SALUD,TRANSPORTE,-50.0,1700.0,-50.0,0.0,-33.33,66.67,10.0
DURANGO,LEY FEDERAL CONTRA LA DELINCUENCIA ORGANIZADA (L.F.C.D.O.),CONTRA LA SALUD,0.0,-100.0,0.0,0.0,0.0,0.0,100.0
DURANGO,LEY FEDERAL CONTRA LA DELINCUENCIA ORGANIZADA (L.F.C.D.O.),OTROS DELITOS PREVISTOS EN LA L.F.C.D.O.,100.0,-50.0,100.0,-50.0,-100.0,0.0,0.0
DURANGO,LEY GENERAL DE SALUD (L.G.S.),CONTRA LA SALUD EN SU MODALIDAD DE NARCOMENUDEO,0.0,-50.0,100.0,-50.0,0.0,-100.0,0.0
DURANGO,LEY GENERAL DE SALUD (L.G.S.),OTROS DELITOS PREVISTOS EN LA L.G.S.,-75.0,150.0,-20.0,-75.0,0.0,0.0,-100.0
DURANGO,OTRAS LEYES Y CODIGOS,CODIGO FISCAL DE LA FEDERACION (C.F.F.),47.22,-81.13,70.0,-52.94,125.0,0.0,44.44
DURANGO,OTRAS LEYES Y CODIGOS,LEY DE LA PROPIEDAD INDUSTRIAL (L.P.I.),-25.0,-100.0,0.0,-100.0,0.0,0.0,0.0
DURANGO,OTRAS LEYES Y CODIGOS,LEY DE MIGRACION,100.0,-75.0,100.0,50.0,33.33,-75.0,0.0
DURANGO,OTRAS LEYES Y CODIGOS,LEY DE VIAS GENERALES DE COMUNICACION (L.V.G.C.),-11.9,16.22,-18.6,168.57,12.77,0.94,-14.02
DURANGO,OTRAS LEYES Y CODIGOS,LEY FEDERAL DE ARMAS DE FUEGO Y EXPLOSIVOS (L.F.A.F.E.),-13.33,-15.38,-7.27,-19.61,19.51,-22.45,42.11
DURANGO,OTRAS LEYES Y CODIGOS,LEY FEDERAL DEL DERECHO DE AUTOR (L.F.D.A.),0.0,0.0,0.0,0.0,0.0,0.0,0.0
DURANGO,OTRAS LEYES Y CODIGOS,LEY FEDERAL PARA PREVENIR Y SANCIONAR LOS DELITOS COMETIDOS EN MATERIA DE HIDROCARBUROS (L.F.P.S.D.C.M.H.),0.0,3.33,-3.23,-66.67,470.0,-56.14,52.0
DURANGO,OTRAS LEYES Y CODIGOS,LEY GENERAL EN MATERIA DE DELITOS ELECTORALES (L.G.M.D.E.),0.0,-20.0,300.0,-50.0,-87.5,500.0,16.67
DURANGO,OTRAS LEYES Y CODIGOS,"LEYES DE INSTITUCIONES DE CREDITO, INVERSION, FIANZAS Y SEGUROS",340.0,-72.73,50.0,33.33,0.0,-8.33,-36.36
DURANGO,OTRAS LEYES Y CODIGOS,OTRAS LEYES ESPECIALES,-43.75,-8.33,87.88,93.55,0.83,38.02,-45.51
DURANGO,OTROS DELITOS,COMETIDOS POR SERVIDORES PUBLICOS,195.24,-24.19,6.38,-14.0,139.53,-23.3,121.52
DURANGO,OTROS DELITOS,CONTRA EL AMBIENTE Y LA GESTION AMBIENTAL,122.22,-30.0,85.71,-3.85,-28.0,5.56,15.79
DURANGO,OTROS DELITOS,CONTRA LA INTEGRIDAD CORPORAL,100.0,-53.57,23.08,-25.0,58.33,31.58,12.0
DURANGO,OTROS DELITOS,ELECTORALES,0.0,0.0,0.0,0.0,0.0,0.0,0.0
DURANGO,OTROS DELITOS,EN MATERIA DE DERECHOS DE AUTOR,0.0,0.0,0.0,200.0,-33.33,-50.0,-100.0
DURANGO,OTROS DELITOS,"FALSEDAD, TITULO DECIMO TERCERO",-29.27,27.59,-51.35,16.67,-33.33,-14.29,116.67
DURANGO,OTROS DELITOS,OTROS DELITOS DEL C.P.F.,-70.59,5.0,14.29,-29.17,58.82,33.33,22.22
DURANGO,OTROS DELITOS,PATRIMONIALES,-79.89,-10.81,86.36,23.58,4.61,1.26,-5.59
DURANGO,OTROS DELITOS,VIAS DE COMUNICACION Y CORRESPONDENCIA,200.0,-100.0,0.0,0.0,-100.0,0.0,-33.33
GUANAJUATO,CONTRA LA SALUD,COMERCIO,0.0,0.0,25.0,0.0,-40.0,-33.33,-50.0
GUANAJUATO,CONTRA LA SALUD,OTROS,-100.0,0.0,-100.0,0.0,0.0,200.0,-100.0
GUANAJUATO,CONTRA LA SALUD,POSESION,8.08,14.02,78.69,-40.37,36.15,-5.08,-24.4
GUANAJUATO,CONTRA LA SALUD,PRODUCCION,25.0,-100.0,0.0,0.0,0.0,0.0,0.0
GUANAJUATO,CONTRA LA SALUD,SUMINISTRO,0.0,-100.0,0.0,-100.0,0.0,0.0,0.0
GUANAJUATO,CONTRA LA SALUD,TRAFICO,0.0,0.0,-25.0,66.67,0.0,-60.0,450.0
GUANAJUATO,CONTRA LA SALUD,TRANSPORTE,0.0,0.0,250.0,57.14,-90.91,200.0,-100.0
GUANAJUATO,LEY FEDERAL CONTRA LA DELINCUENCIA ORGANIZADA (L.F.C.D.O.),CONTRA LA SALUD,100.0,-50.0,0.0,100.0,-100.0,0.0,0.0
GUANAJUATO,LEY FEDERAL CONTRA LA DELINCUENCIA ORGANIZADA (L.F.C.D.O.),OTROS DELITOS PREVISTOS EN LA L.F.C.D.O.,-66.67,300.0,-25.0,-33.33,150.0,-60.0,400.0
GUANAJUATO,LEY GENERAL DE SALUD (L.G.S.),CONTRA LA SALUD EN SU MODALIDAD DE NARCOMENUDEO,-11.11,12.5,-22.22,142.86,-11.76,-40.0,33.33
GUANAJUATO,LEY GENERAL DE SALUD (L.G.S.),OTROS DELITOS PREVISTOS EN LA L.G.S.,-75.0,0.0,200.0,66.67,-60.0,150.0,-60.0
GUANAJUATO,OTRAS LEYES Y CODIGOS,CODIGO FISCAL DE LA FEDERACION (C.F.F.),-52.17,50.0,-27.27,8.33,19.23,9.68,-41.18
GUANAJUATO,OTRAS LEYES Y CODIGOS,LEY DE LA PROPIEDAD INDUSTRIAL (L.P.I.),-22.95,-61.7,-38.89,-36.36,28.57,-11.11,37.5
GUANAJUATO,OTRAS LEYES Y CODIGOS,LEY DE MIGRACION,-83.33,-100.0,0.0,125.0,-100.0,0.0,-50.0
GUANAJUATO,OTRAS LEYES Y CODIGOS,LEY DE VIAS GENERALES DE COMUNICACION (L.V.G.C.),33.33,22.73,-7.41,72.0,17.44,35.64,-24.45
GUANAJUATO,OTRAS LEYES Y CODIGOS,LEY FEDERAL DE ARMAS DE FUEGO Y EXPLOSIVOS (L.F.A.F.E.),-21.37,13.49,-10.42,-0.55,4.94,6.79,3.92
GUANAJUATO,OTRAS LEYES Y CODIGOS,LEY FEDERAL DEL DERECHO DE AUTOR (L.F.D.A.),0.0,0.0,0.0,0.0,0.0,0.0,0.0
GUANAJUATO,OTRAS LEYES Y CODIGOS,LEY FEDERAL PARA PREVENIR Y SANCIONAR LOS DELITOS COMETIDOS EN MATERIA DE HIDROCARBUROS (L.F.P.S.D.C.M.H.),0.0,-30.91,-64.41,65.71,-3.45,32.14,25.23
GUANAJUATO,OTRAS LEYES Y CODIGOS,LEY GENERAL EN MATERIA DE DELITOS ELECTORALES (L.G.M.D.E.),0.0,400.0,153.33,-57.89,-87.5,150.0,60.0
GUANAJUATO,OTRAS LEYES Y CODIGOS,"LEYES DE INSTITUCIONES DE CREDITO, INVERSION, FIANZAS Y SEGUROS",7.69,10.71,3.23,6.25,-64.71,25.0,53.33
GUANAJUATO,OTRAS LEYES Y CODIGOS,OTRAS LEYES ESPECIALES,24.84,-41.88,52.25,-5.92,0.0,-11.95,-20.71
GUANAJUATO,OTROS DELITOS,COMETIDOS POR SERVIDORES PUBLICOS,160.87,-13.33,15.38,20.0,16.67,2.38,4.65
GUANAJUATO,OTROS DELITOS,CONTRA EL AMBIENTE Y LA GESTION AMBIENTAL,40.0,-50.0,42.86,-10.0,33.33,-75.0,33.33
GUANAJUATO,OTROS DELITOS,CONTRA LA INTEGRIDAD CORPORAL,90.0,-15.79,56.25,12.0,35.71,31.58,22.0
GUANAJUATO,OTROS DELITOS,ELECTORALES,-100.0,0.0,0.0,0.0,0.0,0.0,0.0
GUANAJUATO,OTROS DELITOS,EN MATERIA DE DERECHOS DE AUTOR,227.27,-88.89,-75.0,-100.0,0.0,-100.0,0.0
GUANAJUATO,OTROS DELITOS,"FALSEDAD, TITULO DECIMO TERCERO",11.63,-27.08,-8.57,28.12,4.88,13.95,-6.12
GUANAJUATO,OTROS DELITOS,OTROS DELITOS DEL C.P.F.,-57.66,-20.69,-15.22,89.74,39.19,-4.85,2.04
GUANAJUATO,OTROS DELITOS,PATRIMONIALES,-45.97,-2.16,-30.33,17.91,-14.42,10.67,15.53
GUANAJUATO,OTROS DELITOS,VIAS DE COMUNICACION Y CORRESPONDENCIA,-77.78,450.0,72.73,-68.42,33.33,0.0,62.5
GUERRERO,CONTRA LA SALUD,COMERCIO,350.0,-55.56,175.0,-36.36,14.29,-100.0,0.0
GUERRERO,CONTRA LA SALUD,OTROS,-63.48,21.43,-1.96,-40.0,-60.0,-33.33,25.0
GUERRERO,CONTRA LA SALUD,POSESION,-36.36,14.29,25.0,-53.33,64.29,-60.87,211.11
GUERRERO,CONTRA LA SALUD,PRODUCCION,550.0,-76.92,0.0,-33.33,-100.0,0.0,100.0
GUERRERO,CONTRA LA SALUD,SUMINISTRO,0.0,0.0,0.0,0.0,0.0,-100.0,0.0
GUERRERO,CONTRA LA SALUD,TRAFICO,0.0,0.0,14.29,-25.0,-100.0,0.0,50.0
GUERRERO,CONTRA LA SALUD,TRANSPORTE,-25.0,-55.56,-25.0,-100.0,0.0,-50.0,33.33
GUERRERO,LEY FEDERAL CONTRA LA DELINCUENCIA ORGANIZADA (L.F.C.D.O.),CONTRA LA SALUD,100.0,-100.0,0.0,0.0,0.0,0.0,300.0
GUERRERO,LEY FEDERAL CONTRA LA DELINCUENCIA ORGANIZADA (L.F.C.D.O.),OTROS DELITOS PREVISTOS EN LA L.F.C.D.O.,-91.67,0.0,100.0,950.0,-47.62,9.09,-50.0
GUERRERO,LEY GENERAL DE SALUD (L.G.S.),CONTRA LA SALUD EN SU MODALIDAD DE NARCOMENUDEO,-11.11,-25.0,583.33,-75.61,-30.0,0.0,-42.86
GUERRERO,LEY GENERAL DE SALUD (L.G.S.),OTROS DELITOS PREVISTOS EN LA L.G.S.,0.0,0.0,100.0,-50.0,-100.0,0.0,-100.0
GUERRERO,OTRAS LEYES Y CODIGOS,CODIGO FISCAL DE LA FEDERACION (C.F.F.),-63.64,-31.25,9.09,258.33,-67.44,92.86,-29.63
GUERRERO,OTRAS LEYES Y CODIGOS,LEY DE LA PROPIEDAD INDUSTRIAL (L.P.I.),300.0,-100.0,0.0,0.0,-66.67,0.0,-100.0
GUERRERO,OTRAS LEYES Y CODIGOS,LEY DE MIGRACION,0.0,0.0,0.0,-100.0,0.0,100.0,-100.0
GUERRERO,OTRAS LEYES Y CODIGOS,LEY DE VIAS GENERALES DE COMUNICACION (L.V.G.C.),189.02,-29.11,149.4,-83.05,35.21,-9.38,6.9
GUERRERO,OTRAS LEYES Y CODIGOS,LEY FEDERAL DE ARMAS DE FUEGO Y EXPLOSIVOS (L.F.A.F.E.),-0.34,12.59,-21.75,-3.09,22.71,-9.09,-3.21
GUERRERO,OTRAS LEYES Y CODIGOS,LEY FEDERAL DEL DERECHO DE AUTOR (L.F.D.A.),0.0,0.0,0.0,0.0,0.0,0.0,0.0
GUERRERO,OTRAS LEYES Y CODIGOS,LEY FEDERAL PARA PREVENIR Y SANCIONAR LOS DELITOS COMETIDOS EN MATERIA DE HIDROCARBUROS (L.F.P.S.D.C.M.H.),0.0,-71.43,-50.0,133.33,157.14,-88.89,150.0
GUERRERO,OTRAS LEYES Y CODIGOS,LEY GENERAL EN MATERIA DE DELITOS ELECTORALES (L.G.M.D.E.),0.0,-60.0,850.0,-94.74,0.0,400.0,0.0
GUERRERO,OTRAS LEYES Y CODIGOS,"LEYES DE INSTITUCIONES DE CREDITO, INVERSION, FIANZAS Y SEGUROS",100.0,25.0,-50.0,-20.0,25.0,120.0,-27.27
GUERRERO,OTRAS LEYES Y CODIGOS,OTRAS LEYES ESPECIALES,70.18,-50.52,18.75,33.33,-60.53,36.67,-12.2
GUERRERO,OTROS DELITOS,COMETIDOS POR SERVIDORES PUBLICOS,50.98,-57.14,-42.42,68.42,-21.88,4.0,103.85
GUERRERO,OTROS DELITOS,CONTRA EL AMBIENTE Y LA GESTION AMBIENTAL,114.29,-60.0,116.67,-30.77,33.33,-58.33,80.0
GUERRERO,OTROS DELITOS,CONTRA LA INTEGRIDAD CORPORAL,85.71,-61.54,53.33,-39.13,-28.57,10.0,9.09
GUERRERO,OTROS DELITOS,ELECTORALES,-50.0,0.0,0.0,-100.0,0.0,0.0,0.0
GUERRERO,OTROS DELITOS,EN MATERIA DE DERECHOS DE AUTOR,-100.0,0.0,-100.0,0.0,0.0,0.0,0.0
GUERRERO,OTROS DELITOS,"FALSEDAD, TITULO DECIMO TERCERO",-17.24,-29.17,0.0,11.76,36.84,-73.08,57.14
GUERRERO,OTROS DELITOS,OTROS DELITOS DEL C.P.F.,-70.87,-6.67,-25.0,-14.29,27.78,-39.13,-7.14
GUERRERO,OTROS DELITOS,PATRIMONIALES,-44.25,-12.37,-29.41,-15.0,1.96,-1.92,-7.84
GUERRERO,OTROS DELITOS,VIAS DE COMUNICACION Y CORRESPONDENCIA,0.0,-40.0,-33.33,50.0,-100.0,0.0,-66.67
HIDALGO,CONTRA LA SALUD,COMERCIO,0.0,0.0,0.0,-60.0,150.0,-100.0,0.0
HIDALGO,CONTRA LA SALUD,OTROS,-61.11,-100.0,0.0,-10.0,-11.11,-75.0,50.0
HIDALGO,CONTRA LA SALUD,POSESION,750.0,-29.41,-16.67,70.0,29.41,31.82,-3.45
HIDALGO,CONTRA LA SALUD,PRODUCCION,-100.0,0.0,0.0,0.0,100.0,-100.0,0.0
HIDALGO,CONTRA LA SALUD,SUMINISTRO,0.0,-33.33,-100.0,0.0,0.0,200.0,-100.0
HIDALGO,CONTRA LA SALUD,TRAFICO,-100.0,0.0,-40.0,300.0,83.33,-27.27,-43.75
HIDALGO,CONTRA LA SALUD,TRANSPORTE,0.0,0.0,0.0,100.0,-33.33,-25.0,0.0
HIDALGO,LEY FEDERAL CONTRA LA DELINCUENCIA ORGANIZADA (L.F.C.D.O.),CONTRA LA SALUD,0.0,-33.33,-100.0,0.0,0.0,0.0,0.0
HIDALGO,LEY FEDERAL CONTRA LA DELINCUENCIA ORGANIZADA (L.F.C.D.O.),OTROS DELITOS PREVISTOS EN LA L.F.C.D.O.,100.0,-100.0,0.0,-100.0,0.0,0.0,150.0
HIDALGO,LEY GENERAL DE SALUD (L.G.S.),CONTRA LA SALUD EN SU MODALIDAD DE NARCOMENUDEO,-35.71,-55.56,100.0,-75.0,200.0,-50.0,66.67
HIDALGO,LEY GENERAL DE SALUD (L.G.S.),OTROS DELITOS PREVISTOS EN LA L.G.S.,0.0,-100.0,0.0,0.0,300.0,-50.0,-50.0
HIDALGO,OTRAS LEYES Y CODIGOS,CODIGO FISCAL DE LA FEDERACION (C.F.F.),-14.29,8.33,-7.69,0.0,91.67,-39.13,-21.43
HIDALGO,OTRAS LEYES Y CODIGOS,LEY DE LA PROPIEDAD INDUSTRIAL (L.P.I.),-25.0,0.0,-33.33,350.0,33.33,-58.33,0.0
HIDALGO,OTRAS LEYES Y CODIGOS,LEY DE MIGRACION,0.0,133.33,100.0,-92.86,400.0,-40.0,-100.0
HIDALGO,OTRAS LEYES Y CODIGOS,LEY DE VIAS GENERALES DE COMUNICACION (L.V.G.C.),91.67,0.0,108.7,25.0,-5.0,-40.35,-8.82
HIDALGO,OTRAS LEYES Y CODIGOS,LEY FEDERAL DE ARMAS DE FUEGO Y EXPLOSIVOS (L.F.A.F.E.),3.66,-26.47,8.8,-11.76,43.33,-15.7,6.9
HIDALGO,OTRAS LEYES Y CODIGOS,LEY FEDERAL DEL DERECHO DE AUTOR (L.F.D.A.),0.0,0.0,0.0,0.0,0.0,0.0,0.0
HIDALGO,OTRAS LEYES Y CODIGOS,LEY FEDERAL PARA PREVENIR Y SANCIONAR LOS DELITOS COMETIDOS EN MATERIA DE HIDROCARBUROS (L.F.P.S.D.C.M.H.),0.0,-65.32,86.28,-22.43,54.39,-69.71,31.08
HIDALGO,OTRAS LEYES Y CODIGOS,LEY GENERAL EN MATERIA DE DELITOS ELECTORALES (L.G.M.D.E.),0.0,100.0,200.0,-54.17,-81.82,450.0,-18.18
HIDALGO,OTRAS LEYES Y CODIGOS,"LEYES DE INSTITUCIONES DE CREDITO, INVERSION, FIANZAS Y SEGUROS",1133.33,150.0,9.73,2.96,0.0,-30.14,-58.9
HIDALGO,OTRAS LEYES Y CODIGOS,OTRAS LEYES ESPECIALES,-9.3,-35.9,40.0,37.14,22.92,-27.12,62.79
HIDALGO,OTROS DELITOS,COMETIDOS POR SERVIDORES PUBLICOS,95.24,-29.27,82.76,33.96,21.13,-2.33,-44.05
HIDALGO,OTROS DELITOS,CONTRA EL AMBIENTE Y LA GESTION AMBIENTAL,250.0,114.29,-6.67,21.43,70.59,55.17,-62.22
HIDALGO,OTROS DELITOS,CONTRA LA INTEGRIDAD CORPORAL,250.0,42.86,-20.0,-37.5,160.0,76.92,-21.74
HIDALGO,OTROS DELITOS,ELECTORALES,0.0,0.0,0.0,0.0,0.0,0.0,0.0
HIDALGO,OTROS DELITOS,EN MATERIA DE DERECHOS DE AUTOR,0.0,-100.0,0.0,0.0,-100.0,0.0,0.0
HIDALGO,OTROS DELITOS,"FALSEDAD, TITULO DECIMO TERCERO",52.5,-78.69,76.92,78.26,-26.83,40.0,7.14
HIDALGO,OTROS DELITOS,OTROS DELITOS DEL C.P.F.,-14.04,-44.9,140.74,-18.46,-24.53,47.5,-35.59
HIDALGO,OTROS DELITOS,PATRIMONIALES,-64.18,-30.28,-11.18,57.53,13.95,-10.18,-29.56
HIDALGO,OTROS DELITOS,VIAS DE COMUNICACION Y CORRESPONDENCIA,-100.0,0.0,480.0,65.52,31.25,-52.38,-10.0
JALISCO,CONTRA LA SALUD,COMERCIO,0.0,733.33,-40.0,26.67,-26.32,-64.29,100.0
JALISCO,CONTRA LA SALUD,OTROS,-85.9,34.88,-36.21,-62.16,-35.71,-11.11,25.0
JALISCO,CONTRA LA SALUD,POSESION,-17.56,0.93,-2.75,17.92,-18.4,33.33,33.09
JALISCO,CONTRA LA SALUD,PRODUCCION,78.95,-96.08,225.0,-7.69,-83.33,50.0,166.67
JALISCO,CONTRA LA SALUD,SUMINISTRO,0.0,0.0,0.0,-100.0,0.0,50.0,-100.0
JALISCO,CONTRA LA SALUD,TRAFICO,0.0,212.5,9.33,-42.68,-31.91,0.0,-9.38
JALISCO,CONTRA LA SALUD,TRANSPORTE,62.5,115.38,28.57,-27.78,-53.85,-33.33,25.0
JALISCO,LEY FEDERAL CONTRA LA DELINCUENCIA ORGANIZADA (L.F.C.D.O.),CONTRA LA SALUD,450.0,-81.82,300.0,-50.0,25.0,-60.0,100.0
JALISCO,LEY FEDERAL CONTRA LA DELINCUENCIA ORGANIZADA (L.F.C.D.O.),OTROS DELITOS PREVISTOS EN LA L.F.C.D.O.,-56.25,114.29,-26.67,-27.27,-37.5,80.0,144.44
JALISCO,LEY GENERAL DE SALUD (L.G.S.),CONTRA LA SALUD EN SU MODALIDAD DE NARCOMENUDEO,47.5,-74.58,13.33,-5.88,-50.0,37.5,81.82
JALISCO,LEY GENERAL DE SALUD (L.G.S.),OTROS DELITOS PREVISTOS EN LA L.G.S.,57.14,-18.18,55.56,0.0,-28.57,60.0,-68.75
JALISCO,OTRAS LEYES Y CODIGOS,CODIGO FISCAL DE LA FEDERACION (C.F.F.),-27.84,41.43,-44.44,14.55,52.38,2.08,-45.92
JALISCO,OTRAS LEYES Y CODIGOS,LEY DE LA PROPIEDAD INDUSTRIAL (L.P.I.),65.04,-43.35,-7.83,-60.38,47.62,-27.42,171.11
JALISCO,OTRAS LEYES Y CODIGOS,LEY DE MIGRACION,0.0,-100.0,0.0,0.0,-100.0,0.0,0.0
JALISCO,OTRAS LEYES Y CODIGOS,LEY DE VIAS GENERALES DE COMUNICACION (L.V.G.C.),26.09,44.83,52.38,-18.75,-34.62,-29.41,-58.33
JALISCO,OTRAS LEYES Y CODIGOS,LEY FEDERAL DE ARMAS DE FUEGO Y EXPLOSIVOS (L.F.A.F.E.),46.35,21.91,6.58,20.37,-11.51,8.31,16.21
JALISCO,OTRAS LEYES Y CODIGOS,LEY FEDERAL DEL DERECHO DE AUTOR (L.F.D.A.),-100.0,0.0,0.0,0.0,0.0,0.0,0.0
JALISCO,OTRAS LEYES Y CODIGOS,LEY FEDERAL PARA PREVENIR Y SANCIONAR LOS DELITOS COMETIDOS EN MATERIA DE HIDROCARBUROS (L.F.P.S.D.C.M.H.),0.0,-72.41,51.56,-15.46,109.76,14.53,16.75
JALISCO,OTRAS LEYES Y CODIGOS,LEY GENERAL EN MATERIA DE DELITOS ELECTORALES (L.G.M.D.E.),0.0,-16.67,560.0,-63.64,-16.67,40.0,71.43
JALISCO,OTRAS LEYES Y CODIGOS,"LEYES DE INSTITUCIONES DE CREDITO, INVERSION, FIANZAS Y SEGUROS",517.24,-22.91,-1.45,-47.79,-45.07,69.23,-21.21
JALISCO,OTRAS LEYES Y CODIGOS,OTRAS LEYES ESPECIALES,56.31,-61.7,11.89,-19.81,5.42,-13.71,-17.22
JALISCO,OTROS DELITOS,COMETIDOS POR SERVIDORES PUBLICOS,557.14,-22.46,-14.95,-5.49,-4.65,30.49,-19.63
JALISCO,OTROS DELITOS,CONTRA EL AMBIENTE Y LA GESTION AMBIENTAL,1120.0,-8.2,-19.64,-13.33,35.9,-33.96,54.29
JALISCO,OTROS DELITOS,CONTRA LA INTEGRIDAD CORPORAL,-2.7,16.67,-42.86,104.17,-8.16,6.67,-10.42
JALISCO,OTROS DELITOS,ELECTORALES,-66.67,0.0,0.0,0.0,-100.0,0.0,0.0
JALISCO,OTROS DELITOS,EN MATERIA DE DERECHOS DE AUTOR,35.71,-52.63,-22.22,-42.86,-50.0,-100.0,0.0
JALISCO,OTROS DELITOS,"FALSEDAD, TITULO DECIMO TERCERO",56.79,-42.52,20.55,10.23,-29.9,45.59,-4.04
JALISCO,OTROS DELITOS,OTROS DELITOS DEL C.P.F.,-51.44,-16.3,-0.88,-21.43,-17.05,63.01,-20.17
JALISCO,OTROS DELITOS,PATRIMONIALES,-49.61,-13.8,-8.26,3.6,2.54,2.48,-18.7
JALISCO,OTROS DELITOS,VIAS DE COMUNICACION Y CORRESPONDENCIA,2300.0,-50.0,8.33,-19.23,28.57,-55.56,41.67
MEXICO,CONTRA LA SALUD,COMERCIO,-84.62,250.0,-21.43,72.73,-26.32,-14.29,-41.67
MEXICO,CONTRA LA SALUD,OTROS,-74.07,-57.14,-33.33,100.0,-100.0,0.0,-100.0
MEXICO,CONTRA LA SALUD,POSESION,43.66,-1.96,49.0,-60.4,-28.81,-40.48,28.0
MEXICO,CONTRA LA SALUD,PRODUCCION,342.86,-100.0,0.0,100.0,-50.0,0.0,100.0
MEXICO,CONTRA LA SALUD,SUMINISTRO,0.0,300.0,0.0,-100.0,0.0,0.0,-100.0
MEXICO,CONTRA LA SALUD,TRAFICO,1850.0,30.77,3.92,35.85,-22.22,-48.21,-13.79
MEXICO,CONTRA LA SALUD,TRANSPORTE,-89.19,650.0,3.33,-48.39,-6.25,60.0,-29.17
MEXICO,LEY FEDERAL CONTRA LA DELINCUENCIA ORGANIZADA (L.F.C.D.O.),CONTRA LA SALUD,100.0,-75.0,-100.0,0.0,0.0,-50.0,0.0
MEXICO,LEY FEDERAL CONTRA LA DELINCUENCIA ORGANIZADA (L.F.C.D.O.),OTROS DELITOS PREVISTOS EN LA L.F.C.D.O.,30.0,-30.77,-66.67,66.67,40.0,-42.86,250.0
MEXICO,LEY GENERAL DE SALUD (L.G.S.),CONTRA LA SALUD EN SU MODALIDAD DE NARCOMENUDEO,61.54,-69.05,38.46,-55.56,-25.0,-33.33,75.0
MEXICO,LEY GENERAL DE SALUD (L.G.S.),OTROS DELITOS PREVISTOS EN LA L.G.S.,-50.0,200.0,100.0,50.0,-22.22,71.43,-58.33
MEXICO,OTRAS LEYES Y CODIGOS,CODIGO FISCAL DE LA FEDERACION (C.F.F.),-23.26,10.61,-39.73,-31.82,43.33,67.44,-62.5
MEXICO,OTRAS LEYES Y CODIGOS,LEY DE LA PROPIEDAD INDUSTRIAL (L.P.I.),75.18,-25.83,-45.51,-54.64,40.91,111.29,-50.38
MEXICO,OTRAS LEYES Y CODIGOS,LEY DE MIGRACION,33.33,-20.83,94.74,-64.86,-23.08,-50.0,-60.0
MEXICO,OTRAS LEYES Y CODIGOS,LEY DE VIAS GENERALES DE COMUNICACION (L.V.G.C.),15.51,-26.39,11.32,-8.47,24.07,-14.93,33.92
MEXICO,OTRAS LEYES Y CODIGOS,LEY FEDERAL DE ARMAS DE FUEGO Y EXPLOSIVOS (L.F.A.F.E.),29.52,-7.7,-20.17,18.3,-32.23,-0.27,19.89
MEXICO,OTRAS LEYES Y CODIGOS,LEY FEDERAL DEL DERECHO DE AUTOR (L.F.D.A.),0.0,0.0,0.0,0.0,0.0,0.0,0.0
MEXICO,OTRAS LEYES Y CODIGOS,LEY FEDERAL PARA PREVENIR Y SANCIONAR LOS DELITOS COMETIDOS EN MATERIA DE HIDROCARBUROS (L.F.P.S.D.C.M.H.),0.0,-59.1,22.81,-12.76,98.71,-47.62,13.43
MEXICO,OTRAS LEYES Y CODIGOS,LEY GENERAL EN MATERIA DE DELITOS ELECTORALES (L.G.M.D.E.),0.0,20.69,222.86,-72.57,32.26,-12.2,-47.22
MEXICO,OTRAS LEYES Y CODIGOS,"LEYES DE INSTITUCIONES DE CREDITO, INVERSION, FIANZAS Y SEGUROS",75.28,-26.28,30.43,-18.67,-27.05,57.3,-25.71
MEXICO,OTRAS LEYES Y CODIGOS,OTRAS LEYES ESPECIALES,-35.06,-39.16,32.5,11.32,1.69,2.92,-57.49
MEXICO,OTROS DELITOS,COMETIDOS POR SERVIDORES PUBLICOS,56.12,-16.99,159.84,-51.52,38.75,36.94,-26.97
MEXICO,OTROS DELITOS,CONTRA EL AMBIENTE Y LA GESTION AMBIENTAL,226.09,-14.67,-1.56,-1.59,-8.06,-14.04,-20.41
MEXICO,OTROS DELITOS,CONTRA LA INTEGRIDAD CORPORAL,50.0,-57.14,172.22,-55.1,54.55,-44.12,63.16
MEXICO,OTROS DELITOS,ELECTORALES,-100.0,0.0,0.0,0.0,0.0,0.0,-100.0
MEXICO,OTROS DELITOS,EN MATERIA DE DERECHOS DE AUTOR,0.0,25.0,-30.0,-42.86,75.0,14.29,0.0
MEXICO,OTROS DELITOS,"FALSEDAD, TITULO DECIMO TERCERO",22.02,-24.81,16.0,-23.28,-33.71,49.15,28.41
MEXICO,OTROS DELITOS,OTROS DELITOS DEL C.P.F.,3.28,-49.74,89.47,-53.33,39.29,-29.91,-1.22
MEXICO,OTROS DELITOS,PATRIMONIALES,-59.57,-12.69,4.77,-17.7,14.72,-10.42,-2.45
MEXICO,OTROS DELITOS,VIAS DE COMUNICACION Y CORRESPONDENCIA,84.62,-29.17,5.88,-16.67,66.67,-52.0,16.67
MICHOACAN,CONTRA LA SALUD,COMERCIO,3500.0,-80.56,-100.0,0.0,-20.0,50.0,50.0
MICHOACAN,CONTRA LA SALUD,OTROS,-52.17,-45.45,150.0,-60.0,0.0,-33.33,25.0
MICHOACAN,CONTRA LA SALUD,POSESION,11.34,-37.04,16.18,-20.25,-22.22,-36.73,74.19
MICHOACAN,CONTRA LA SALUD,PRODUCCION,4100.0,-83.33,-28.57,60.0,0.0,-50.0,175.0
MICHOACAN,CONTRA LA SALUD,SUMINISTRO,100.0,-100.0,0.0,0.0,0.0,-50.0,-100.0
MICHOACAN,CONTRA LA SALUD,TRAFICO,-25.0,500.0,66.67,-33.33,0.0,10.0,27.27
MICHOACAN,CONTRA LA SALUD,TRANSPORTE,-9.52,-21.05,26.67,-15.79,0.0,81.25,-55.17
MICHOACAN,LEY FEDERAL CONTRA LA DELINCUENCIA ORGANIZADA (L.F.C.D.O.),CONTRA LA SALUD,0.0,0.0,0.0,0.0,100.0,-50.0,300.0
MICHOACAN,LEY FEDERAL CONTRA LA DELINCUENCIA ORGANIZADA (L.F.C.D.O.),OTROS DELITOS PREVISTOS EN LA L.F.C.D.O.,50.0,0.0,0.0,100.0,0.0,-66.67,150.0
MICHOACAN,LEY GENERAL DE SALUD (L.G.S.),CONTRA LA SALUD EN SU MODALIDAD DE NARCOMENUDEO,15.94,-86.25,-36.36,57.14,-54.55,80.0,11.11
MICHOACAN,LEY GENERAL DE SALUD (L.G.S.),OTROS DELITOS PREVISTOS EN LA L.G.S.,0.0,-50.0,0.0,300.0,-75.0,0.0,0.0
MICHOACAN,OTRAS LEYES Y CODIGOS,CODIGO FISCAL DE LA FEDERACION (C.F.F.),-19.35,-20.0,-50.0,50.0,-40.0,111.11,-26.32
MICHOACAN,OTRAS LEYES Y CODIGOS,LEY DE LA PROPIEDAD INDUSTRIAL (L.P.I.),142.86,-11.76,10.0,109.09,-21.74,111.11,28.07
MICHOACAN,OTRAS LEYES Y CODIGOS,LEY DE MIGRACION,0.0,-100.0,0.0,0.0,0.0,0.0,-100.0
MICHOACAN,OTRAS LEYES Y CODIGOS,LEY DE VIAS GENERALES DE COMUNICACION (L.V.G.C.),-3.49,-4.22,130.82,-54.77,-87.95,0.0,15.0
MICHOACAN,OTRAS LEYES Y CODIGOS,LEY FEDERAL DE ARMAS DE FUEGO Y EXPLOSIVOS (L.F.A.F.E.),-14.67,-6.65,-26.34,45.16,-15.19,-15.94,3.9
MICHOACAN,OTRAS LEYES Y CODIGOS,LEY FEDERAL DEL DERECHO DE AUTOR (L.F.D.A.),0.0,0.0,0.0,0.0,0.0,0.0,0.0
MICHOACAN,OTRAS LEYES Y CODIGOS,LEY FEDERAL PARA PREVENIR Y SANCIONAR LOS DELITOS COMETIDOS EN MATERIA DE HIDROCARBUROS (L.F.P.S.D.C.M.H.),0.0,-30.25,92.77,-18.75,-75.38,-59.38,115.38
MICHOACAN,OTRAS LEYES Y CODIGOS,LEY GENERAL EN MATERIA DE DELITOS ELECTORALES (L.G.M.D.E.),0.0,50.0,600.0,-90.48,-50.0,500.0,50.0
MICHOACAN,OTRAS LEYES Y CODIGOS,"LEYES DE INSTITUCIONES DE CREDITO, INVERSION, FIANZAS Y SEGUROS",175.0,-68.18,42.86,10.0,-54.55,80.0,0.0
MICHOACAN,OTRAS LEYES Y CODIGOS,OTRAS LEYES ESPECIALES,175.56,-62.9,197.83,129.93,1.59,18.75,2.37
MICHOACAN,OTROS DELITOS,COMETIDOS POR SERVIDORES PUBLICOS,45.45,-14.37,-46.72,32.88,10.31,-31.78,2.74
MICHOACAN,OTROS DELITOS,CONTRA EL AMBIENTE Y LA GESTION AMBIENTAL,195.65,-41.18,-45.0,177.27,-37.7,-2.63,18.92
MICHOACAN,OTROS DELITOS,CONTRA LA INTEGRIDAD CORPORAL,241.18,-82.76,75.0,0.0,22.86,27.91,10.91
MICHOACAN,OTROS DELITOS,ELECTORALES,-66.67,-100.0,0.0,0.0,0.0,0.0,0.0
MICHOACAN,OTROS DELITOS,EN MATERIA DE DERECHOS DE AUTOR,0.0,-100.0,0.0,220.0,0.0,412.5,58.54
MICHOACAN,OTROS DELITOS,"FALSEDAD, TITULO DECIMO TERCERO",63.46,-58.82,45.71,0.0,-5.88,12.5,-51.85
MICHOACAN,OTROS DELITOS,OTROS DELITOS DEL C.P.F.,-47.57,16.67,-7.94,-10.34,-42.31,66.67,-10.0
MICHOACAN,OTROS DELITOS,PATRIMONIALES,-35.11,-27.61,-20.45,-42.22,45.6,61.51,3.04
MICHOACAN,OTROS DELITOS,VIAS DE COMUNICACION Y CORRESPONDENCIA,550.0,-76.92,266.67,-45.45,-100.0,0.0,0.0
MORELOS,CONTRA LA SALUD,COMERCIO,-100.0,0.0,200.0,-66.67,-100.0,0.0,-50.0
MORELOS,CONTRA LA SALUD,OTROS,0.0,0.0,0.0,-100.0,0.0,0.0,0.0
MORELOS,CONTRA LA SALUD,POSESION,-53.85,50.0,-22.22,157.14,100.0,-77.78,100.0
MORELOS,CONTRA LA SALUD,PRODUCCION,-33.33,-75.0,200.0,-100.0,0.0,0.0,0.0
MORELOS,CONTRA LA SALUD,SUMINISTRO,0.0,0.0,0.0,0.0,0.0,0.0,0.0
MORELOS,CONTRA LA SALUD,TRAFICO,0.0,0.0,200.0,0.0,-100.0,0.0,-50.0
MORELOS,CONTRA LA SALUD,TRANSPORTE,0.0,0.0,0.0,0.0,0.0,0.0,0.0
MORELOS,LEY FEDERAL CONTRA LA DELINCUENCIA ORGANIZADA (L.F.C.D.O.),CONTRA LA SALUD,100.0,-100.0,0.0,400.0,-100.0,0.0,0.0
MORELOS,LEY FEDERAL CONTRA LA DELINCUENCIA ORGANIZADA (L.F.C.D.O.),OTROS DELITOS PREVISTOS EN LA L.F.C.D.O.,-100.0,0.0,33.33,25.0,-100.0,0.0,0.0
MORELOS,LEY GENERAL DE SALUD (L.G.S.),CONTRA LA SALUD EN SU MODALIDAD DE NARCOMENUDEO,-75.0,100.0,-100.0,0.0,100.0,-16.67,20.0
MORELOS,LEY GENERAL DE SALUD (L.G.S.),OTROS DELITOS PREVISTOS EN LA L.G.S.,0.0,100.0,-100.0,0.0,0.0,-100.0,0.0
MORELOS,OTRAS LEYES Y CODIGOS,CODIGO FISCAL DE LA FEDERACION (C.F.F.),21.05,-56.52,50.0,40.0,-23.81,12.5,-33.33
MORELOS,OTRAS LEYES Y CODIGOS,LEY DE LA PROPIEDAD INDUSTRIAL (L.P.I.),133.33,-28.57,-20.0,-50.0,-100.0,0.0,50.0
MORELOS,OTRAS LEYES Y CODIGOS,LEY DE MIGRACION,0.0,-50.0,-100.0,0.0,0.0,-100.0,0.0
MORELOS,OTRAS LEYES Y CODIGOS,LEY DE VIAS GENERALES DE COMUNICACION (L.V.G.C.),-11.02,-15.04,-15.62,43.21,-1.72,-29.82,21.25
MORELOS,OTRAS LEYES Y CODIGOS,LEY FEDERAL DE ARMAS DE FUEGO Y EXPLOSIVOS (L.F.A.F.E.),36.67,-23.17,-26.98,43.48,-9.09,1.67,42.62
MORELOS,OTRAS LEYES Y CODIGOS,LEY FEDERAL DEL DERECHO DE AUTOR (L.F.D.A.),0.0,0.0,0.0,0.0,0.0,0.0,0.0
MORELOS,OTRAS LEYES Y CODIGOS,LEY FEDERAL PARA PREVENIR Y SANCIONAR LOS DELITOS COMETIDOS EN MATERIA DE HIDROCARBUROS (L.F.P.S.D.C.M.H.),0.0,-55.88,-6.67,-28.57,-20.0,-62.5,266.67
MORELOS,OTRAS LEYES Y CODIGOS,LEY GENERAL EN MATERIA DE DELITOS ELECTORALES (L.G.M.D.E.),0.0,500.0,250.0,-66.67,-57.14,566.67,-60.0
MORELOS,OTRAS LEYES Y CODIGOS,"LEYES DE INSTITUCIONES DE CREDITO, INVERSION, FIANZAS Y SEGUROS",40.0,57.14,-36.36,100.0,-28.57,-40.0,100.0
MORELOS,OTRAS LEYES Y CODIGOS,OTRAS LEYES ESPECIALES,362.5,-32.43,-56.67,47.69,13.54,-30.28,-19.74
MORELOS,OTROS DELITOS,COMETIDOS POR SERVIDORES PUBLICOS,58.06,-28.57,0.0,11.43,56.41,50.82,-11.96
MORELOS,OTROS DELITOS,CONTRA EL AMBIENTE Y LA GESTION AMBIENTAL,-11.11,0.0,-25.0,33.33,62.5,30.77,-5.88
MORELOS,OTROS DELITOS,CONTRA LA INTEGRIDAD CORPORAL,62.5,-23.08,-60.0,25.0,180.0,14.29,-43.75
MORELOS,OTROS DELITOS,ELECTORALES,-100.0,0.0,0.0,0.0,0.0,0.0,-100.0
MORELOS,OTROS DELITOS,EN MATERIA DE DERECHOS DE AUTOR,500.0,-100.0,0.0,-50.0,-100.0,0.0,0.0
MORELOS,OTROS DELITOS,"FALSEDAD, TITULO DECIMO TERCERO",155.0,-58.82,28.57,-3.7,7.69,3.57,13.79
MORELOS,OTROS DELITOS,OTROS DELITOS DEL C.P.F.,-69.61,-25.81,4.35,75.0,11.9,-10.64,-16.67
MORELOS,OTROS DELITOS,PATRIMONIALES,-84.82,-4.9,-18.56,54.43,-18.85,15.15,-14.91
MORELOS,OTROS DELITOS,VIAS DE COMUNICACION Y CORRESPONDENCIA,600.0,-100.0,0.0,-25.0,-100.0,0.0,-100.0
NAYARIT,CONTRA LA SALUD,COMERCIO,1700.0,-77.78,-50.0,-100.0,0.0,-75.0,-100.0
NAYARIT,CONTRA LA SALUD,OTROS,-28.57,-60.0,-100.0,0.0,850.0,-73.68,80.0
NAYARIT,CONTRA LA SALUD,POSESION,7.69,-42.86,-50.0,150.0,20.0,-41.67,28.57
NAYARIT,CONTRA LA SALUD,PRODUCCION,333.33,-100.0,0.0,0.0,0.0,0.0,0.0
NAYARIT,CONTRA LA SALUD,SUMINISTRO,200.0,-100.0,0.0,0.0,0.0,0.0,0.0
NAYARIT,CONTRA LA SALUD,TRAFICO,-100.0,0.0,-25.0,-66.67,300.0,75.0,42.86
NAYARIT,CONTRA LA SALUD,TRANSPORTE,-38.46,-12.5,-85.71,-100.0,0.0,-100.0,0.0
NAYARIT,LEY FEDERAL CONTRA LA DELINCUENCIA ORGANIZADA (L.F.C.D.O.),CONTRA LA SALUD,0.0,-100.0,0.0,-100.0,0.0,0.0,0.0
NAYARIT,LEY FEDERAL CONTRA LA DELINCUENCIA ORGANIZADA (L.F.C.D.O.),OTROS DELITOS PREVISTOS EN LA L.F.C.D.O.,-100.0,0.0,0.0,0.0,0.0,0.0,0.0
NAYARIT,LEY GENERAL DE SALUD (L.G.S.),CONTRA LA SALUD EN SU MODALIDAD DE NARCOMENUDEO,100.0,-100.0,0.0,0.0,0.0,300.0,37.5
NAYARIT,LEY GENERAL DE SALUD (L.G.S.),OTROS DELITOS PREVISTOS EN LA L.G.S.,0.0,0.0,0.0,0.0,-100.0,0.0,0.0
NAYARIT,OTRAS LEYES Y CODIGOS,CODIGO FISCAL DE LA FEDERACION (C.F.F.),-23.08,20.0,8.33,-61.54,20.0,50.0,-66.67
NAYARIT,OTRAS LEYES Y CODIGOS,LEY DE LA PROPIEDAD INDUSTRIAL (L.P.I.),0.0,-100.0,0.0,0.0,0.0,0.0,500.0
NAYARIT,OTRAS LEYES Y CODIGOS,LEY DE MIGRACION,0.0,-100.0,0.0,0.0,0.0,-100.0,0.0
NAYARIT,OTRAS LEYES Y CODIGOS,LEY DE VIAS GENERALES DE COMUNICACION (L.V.G.C.),200.0,-44.44,370.0,-36.17,-33.33,-5.0,68.42
NAYARIT,OTRAS LEYES Y CODIGOS,LEY FEDERAL DE ARMAS DE FUEGO Y EXPLOSIVOS (L.F.A.F.E.),-22.95,-57.45,85.0,-16.22,38.71,20.93,213.46
NAYARIT,OTRAS LEYES Y CODIGOS,LEY FEDERAL DEL DERECHO DE AUTOR (L.F.D.A.),0.0,0.0,0.0,0.0,0.0,0.0,0.0
NAYARIT,OTRAS LEYES Y CODIGOS,LEY FEDERAL PARA PREVENIR Y SANCIONAR LOS DELITOS COMETIDOS EN MATERIA DE HIDROCARBUROS (L.F.P.S.D.C.M.H.),0.0,0.0,-85.71,200.0,-66.67,0.0,600.0
NAYARIT,OTRAS LEYES Y CODIGOS,LEY GENERAL EN MATERIA DE DELITOS ELECTORALES (L.G.M.D.E.),0.0,400.0,40.0,-85.71,-100.0,0.0,500.0
NAYARIT,OTRAS LEYES Y CODIGOS,"LEYES DE INSTITUCIONES DE CREDITO, INVERSION, FIANZAS Y SEGUROS",350.0,-77.78,100.0,-50.0,150.0,-80.0,200.0
NAYARIT,OTRAS LEYES Y CODIGOS,OTRAS LEYES ESPECIALES,77.19,-58.42,311.9,-35.26,-25.89,-27.71,11.67
NAYARIT,OTROS DELITOS,COMETIDOS POR SERVIDORES PUBLICOS,50.0,-3.33,-27.59,-14.29,111.11,163.16,35.0
NAYARIT,OTROS DELITOS,CONTRA EL AMBIENTE Y LA GESTION AMBIENTAL,-50.0,-55.56,25.0,40.0,42.86,-10.0,-11.11
NAYARIT,OTROS DELITOS,CONTRA LA INTEGRIDAD CORPORAL,-44.44,-40.0,266.67,9.09,0.0,25.0,13.33
NAYARIT,OTROS DELITOS,ELECTORALES,0.0,0.0,0.0,0.0,0.0,0.0,-100.0
NAYARIT,OTROS DELITOS,EN MATERIA DE DERECHOS DE AUTOR,116.67,-100.0,0.0,-100.0,0.0,0.0,-100.0
NAYARIT,OTROS DELITOS,"FALSEDAD, TITULO DECIMO TERCERO",28.57,-38.89,36.36,-40.0,133.33,-38.1,-23.08
NAYARIT,OTROS DELITOS,OTROS DELITOS DEL C.P.F.,-66.67,0.0,-38.1,38.46,-5.56,-47.06,55.56
NAYARIT,OTROS DELITOS,PATRIMONIALES,-71.85,28.95,12.24,21.82,-25.37,12.0,-25.0
NAYARIT,OTROS DELITOS,VIAS DE COMUNICACION Y CORRESPONDENCIA,0.0,-27.27,112.5,-58.82,100.0,-50.0,-42.86
NUEVO LEON,CONTRA LA SALUD,COMERCIO,-60.0,1000.0,-22.73,58.82,355.56,-91.87,70.0
NUEVO LEON,CONTRA LA SALUD,OTROS,-100.0,0.0,-100.0,0.0,0.0,0.0,0.0
NUEVO LEON,CONTRA LA SALUD,POSESION,59.68,-19.19,-42.5,97.83,190.11,-73.48,41.43
NUEVO LEON,CONTRA LA SALUD,PRODUCCION,-73.68,-100.0,0.0,-100.0,0.0,0.0,-100.0
NUEVO LEON,CONTRA LA SALUD,SUMINISTRO,-100.0,0.0,0.0,0.0,-100.0,0.0,0.0
NUEVO LEON,CONTRA LA SALUD,TRAFICO,900.0,350.0,22.22,-20.0,268.18,-72.22,84.44
NUEVO LEON,CONTRA LA SALUD,TRANSPORTE,622.22,-49.23,-12.12,-3.45,42.86,-52.5,73.68
NUEVO LEON,LEY FEDERAL CONTRA LA DELINCUENCIA ORGANIZADA (L.F.C.D.O.),CONTRA LA SALUD,200.0,-100.0,0.0,0.0,0.0,-100.0,0.0
NUEVO LEON,LEY FEDERAL CONTRA LA DELINCUENCIA ORGANIZADA (L.F.C.D.O.),OTROS DELITOS PREVISTOS EN LA L.F.C.D.O.,0.0,200.0,-100.0,0.0,33.33,0.0,0.0
NUEVO LEON,LEY GENERAL DE SALUD (L.G.S.),CONTRA LA SALUD EN SU MODALIDAD DE NARCOMENUDEO,-57.14,-33.33,-100.0,0.0,16533.33,-95.59,109.09
NUEVO LEON,LEY GENERAL DE SALUD (L.G.S.),OTROS DELITOS PREVISTOS EN LA L.G.S.,200.0,0.0,-33.33,100.0,0.0,-75.0,-100.0
NUEVO LEON,OTRAS LEYES Y CODIGOS,CODIGO FISCAL DE LA FEDERACION (C.F.F.),61.36,-23.94,-37.04,-5.88,75.0,-1.79,56.36
NUEVO LEON,OTRAS LEYES Y CODIGOS,LEY DE LA PROPIEDAD INDUSTRIAL (L.P.I.),-54.23,29.23,-29.76,-50.85,175.86,1.25,-55.56
NUEVO LEON,OTRAS LEYES Y CODIGOS,LEY DE MIGRACION,102.82,-65.97,385.71,-32.35,-75.78,-35.9,-64.0
NUEVO LEON,OTRAS LEYES Y CODIGOS,LEY DE VIAS GENERALES DE COMUNICACION (L.V.G.C.),-6.38,-22.73,-38.24,100.0,4.76,27.27,-30.36
NUEVO LEON,OTRAS LEYES Y CODIGOS,LEY FEDERAL DE ARMAS DE FUEGO Y EXPLOSIVOS (L.F.A.F.E.),-18.72,37.7,-48.67,105.93,61.87,9.33,69.11
NUEVO LEON,OTRAS LEYES Y CODIGOS,LEY FEDERAL DEL DERECHO DE AUTOR (L.F.D.A.),0.0,0.0,0.0,0.0,0.0,0.0,0.0
NUEVO LEON,OTRAS LEYES Y CODIGOS,LEY FEDERAL PARA PREVENIR Y SANCIONAR LOS DELITOS COMETIDOS EN MATERIA DE HIDROCARBUROS (L.F.P.S.D.C.M.H.),0.0,-32.94,-3.51,48.48,69.8,14.18,-14.74
NUEVO LEON,OTRAS LEYES Y CODIGOS,LEY GENERAL EN MATERIA DE DELITOS ELECTORALES (L.G.M.D.E.),0.0,400.0,1020.0,-64.29,-60.0,562.5,45.28
NUEVO LEON,OTRAS LEYES Y CODIGOS,"LEYES DE INSTITUCIONES DE CREDITO, INVERSION, FIANZAS Y SEGUROS",86.96,-32.56,386.21,-77.3,-9.38,17.24,70.59
NUEVO LEON,OTRAS LEYES Y CODIGOS,OTRAS LEYES ESPECIALES,36.89,-51.06,28.99,70.79,-19.08,-39.84,-12.16
NUEVO LEON,OTROS DELITOS,COMETIDOS POR SERVIDORES PUBLICOS,106.98,-49.44,46.67,31.82,-18.39,-16.9,42.37
NUEVO LEON,OTROS DELITOS,CONTRA EL AMBIENTE Y LA GESTION AMBIENTAL,214.29,-9.09,-40.0,-41.67,57.14,-54.55,220.0
NUEVO LEON,OTROS DELITOS,CONTRA LA INTEGRIDAD CORPORAL,500.0,-16.67,0.0,-60.0,250.0,0.0,71.43
NUEVO LEON,OTROS DELITOS,ELECTORALES,-100.0,0.0,0.0,0.0,0.0,0.0,-100.0
NUEVO LEON,OTROS DELITOS,EN MATERIA DE DERECHOS DE AUTOR,0.0,0.0,0.0,50.0,133.33,-28.57,-40.0
NUEVO LEON,OTROS DELITOS,"FALSEDAD, TITULO DECIMO TERCERO",10.87,-17.65,21.43,19.61,8.2,-51.52,71.88
NUEVO LEON,OTROS DELITOS,OTROS DELITOS DEL C.P.F.,-71.03,-35.48,30.0,23.08,118.75,-18.57,-1.75
NUEVO LEON,OTROS DELITOS,PATRIMONIALES,-87.31,58.91,-67.29,80.0,24.34,39.57,17.99
NUEVO LEON,OTROS DELITOS,VIAS DE COMUNICACION Y CORRESPONDENCIA,180.0,-7.14,-38.46,-62.5,33.33,0.0,200.0
OAXACA,CONTRA LA SALUD,COMERCIO,-100.0,0.0,100.0,-33.33,100.0,-12.5,-71.43
OAXACA,CONTRA LA SALUD,OTROS,-100.0,0.0,100.0,-100.0,0.0,-75.0,1100.0
OAXACA,CONTRA LA SALUD,POSESION,11.11,90.0,15.79,-68.18,371.43,-39.39,55.0
OAXACA,CONTRA LA SALUD,PRODUCCION,0.0,-92.86,-100.0,0.0,0.0,0.0,100.0
OAXACA,CONTRA LA SALUD,SUMINISTRO,0.0,0.0,0.0,0.0,0.0,0.0,0.0
OAXACA,CONTRA LA SALUD,TRAFICO,0.0,0.0,58.33,-5.26,-50.0,44.44,-46.15
OAXACA,CONTRA LA SALUD,TRANSPORTE,-50.0,400.0,-20.0,-33.33,-37.5,40.0,-28.57
OAXACA,LEY FEDERAL CONTRA LA DELINCUENCIA ORGANIZADA (L.F.C.D.O.),CONTRA LA SALUD,0.0,0.0,-100.0,0.0,0.0,0.0,0.0
OAXACA,LEY FEDERAL CONTRA LA DELINCUENCIA ORGANIZADA (L.F.C.D.O.),OTROS DELITOS PREVISTOS EN LA L.F.C.D.O.,-33.33,-100.0,0.0,0.0,-50.0,-100.0,0.0
OAXACA,LEY GENERAL DE SALUD (L.G.S.),CONTRA LA SALUD EN SU MODALIDAD DE NARCOMENUDEO,-20.0,-12.5,-57.14,33.33,75.0,0.0,-28.57
OAXACA,LEY GENERAL DE SALUD (L.G.S.),OTROS DELITOS PREVISTOS EN LA L.G.S.,-100.0,0.0,0.0,-100.0,0.0,-100.0,0.0
OAXACA,OTRAS LEYES Y CODIGOS,CODIGO FISCAL DE LA FEDERACION (C.F.F.),13.04,0.0,26.92,-42.42,-10.53,64.71,-42.86
OAXACA,OTRAS LEYES Y CODIGOS,LEY DE LA PROPIEDAD INDUSTRIAL (L.P.I.),100.0,-33.33,-25.0,-66.67,-100.0,0.0,-100.0
OAXACA,OTRAS LEYES Y CODIGOS,LEY DE MIGRACION,40.62,-48.89,100.0,71.74,-40.51,57.45,-89.19
OAXACA,OTRAS LEYES Y CODIGOS,LEY DE VIAS GENERALES DE COMUNICACION (L.V.G.C.),1.53,-54.82,30.67,7.65,-13.74,6.59,-12.37
OAXACA,OTRAS LEYES Y CODIGOS,LEY FEDERAL DE ARMAS DE FUEGO Y EXPLOSIVOS (L.F.A.F.E.),-23.17,-12.62,-31.69,-4.64,86.49,-6.09,-27.78
OAXACA,OTRAS LEYES Y CODIGOS,LEY FEDERAL DEL DERECHO DE AUTOR (L.F.D.A.),0.0,0.0,0.0,0.0,0.0,0.0,0.0
OAXACA,OTRAS LEYES Y CODIGOS,LEY FEDERAL PARA PREVENIR Y SANCIONAR LOS DELITOS COMETIDOS EN MATERIA DE HIDROCARBUROS (L.F.P.S.D.C.M.H.),0.0,-79.03,-33.33,-46.15,285.71,16.67,49.21
OAXACA,OTRAS LEYES Y CODIGOS,LEY GENERAL EN MATERIA DE DELITOS ELECTORALES (L.G.M.D.E.),0.0,100.0,683.33,-91.49,-50.0,450.0,154.55
OAXACA,OTRAS LEYES Y CODIGOS,"LEYES DE INSTITUCIONES DE CREDITO, INVERSION, FIANZAS Y SEGUROS",1075.0,180.85,25.76,-60.84,-1.54,78.12,-70.18
OAXACA,OTRAS LEYES Y CODIGOS,OTRAS LEYES ESPECIALES,-22.39,41.35,-30.61,75.49,-11.73,25.95,-20.1
OAXACA,OTROS DELITOS,COMETIDOS POR SERVIDORES PUBLICOS,111.9,-3.37,-33.72,96.49,-13.39,-15.46,-3.66
OAXACA,OTROS DELITOS,CONTRA EL AMBIENTE Y LA GESTION AMBIENTAL,64.71,7.14,-25.0,24.44,-32.14,65.79,-22.22
OAXACA,OTROS DELITOS,CONTRA LA INTEGRIDAD CORPORAL,38.46,-72.22,60.0,6.25,-11.76,40.0,-19.05
OAXACA,OTROS DELITOS,ELECTORALES,-100.0,0.0,0.0,-100.0,0.0,0.0,-100.0
OAXACA,OTROS DELITOS,EN MATERIA DE DERECHOS DE AUTOR,-60.0,-75.0,100.0,-100.0,0.0,-100.0,0.0
OAXACA,OTROS DELITOS,"FALSEDAD, TITULO DECIMO TERCERO",131.82,-41.18,16.67,-22.86,85.19,-36.0,12.5
OAXACA,OTROS DELITOS,OTROS DELITOS DEL C.P.F.,-67.68,-35.29,9.09,10.0,-10.61,13.56,-20.9
OAXACA,OTROS DELITOS,PATRIMONIALES,-50.38,-27.31,-2.65,11.41,-20.0,-3.66,-6.96
OAXACA,OTROS DELITOS,VIAS DE COMUNICACION Y CORRESPONDENCIA,220.0,-43.75,77.78,-56.25,-42.86,75.0,-28.57
PUEBLA,CONTRA LA SALUD,COMERCIO,-100.0,0.0,100.0,-62.5,-33.33,0.0,50.0
PUEBLA,CONTRA LA SALUD,OTROS,-85.71,100.0,50.0,-33.33,50.0,-66.67,-100.0
PUEBLA,CONTRA LA SALUD,POSESION,-19.35,8.0,133.33,-42.86,38.89,-4.0,6.25
PUEBLA,CONTRA LA SALUD,PRODUCCION,57.14,-90.91,-50.0,100.0,-50.0,0.0,-100.0
PUEBLA,CONTRA LA SALUD,SUMINISTRO,0.0,-100.0,0.0,0.0,-100.0,0.0,0.0
PUEBLA,CONTRA LA SALUD,TRAFICO,0.0,0.0,-94.74,300.0,275.0,-46.67,-37.5
PUEBLA,CONTRA LA SALUD,TRANSPORTE,0.0,0.0,-50.0,-50.0,400.0,-60.0,50.0
PUEBLA,LEY FEDERAL CONTRA LA DELINCUENCIA ORGANIZADA (L.F.C.D.O.),CONTRA LA SALUD,0.0,-100.0,0.0,0.0,-100.0,0.0,0.0
PUEBLA,LEY FEDERAL CONTRA LA DELINCUENCIA ORGANIZADA (L.F.C.D.O.),OTROS DELITOS PREVISTOS EN LA L.F.C.D.O.,0.0,0.0,-33.33,-100.0,0.0,100.0,75.0
PUEBLA,LEY GENERAL DE SALUD (L.G.S.),CONTRA LA SALUD EN SU MODALIDAD DE NARCOMENUDEO,15.0,-65.22,25.0,20.0,-33.33,0.0,12.5
PUEBLA,LEY GENERAL DE SALUD (L.G.S.),OTROS DELITOS PREVISTOS EN LA L.G.S.,-100.0,0.0,0.0,0.0,100.0,-50.0,0.0
PUEBLA,OTRAS LEYES Y CODIGOS,CODIGO FISCAL DE LA FEDERACION (C.F.F.),16.67,50.0,-45.24,73.91,-30.0,35.71,-36.84
PUEBLA,OTRAS LEYES Y CODIGOS,LEY DE LA PROPIEDAD INDUSTRIAL (L.P.I.),71.43,16.67,-14.29,-16.67,0.0,10.0,-36.36
PUEBLA,OTRAS LEYES Y CODIGOS,LEY DE MIGRACION,42.86,-80.0,800.0,122.22,0.0,-2.5,-74.36
PUEBLA,OTRAS LEYES Y CODIGOS,LEY DE VIAS GENERALES DE COMUNICACION (L.V.G.C.),-4.26,38.52,5.35,-8.63,-10.0,-1.85,-20.75
PUEBLA,OTRAS LEYES Y CODIGOS,LEY FEDERAL DE ARMAS DE FUEGO Y EXPLOSIVOS (L.F.A.F.E.),27.15,14.86,3.06,-21.0,2.6,-6.2,55.86
PUEBLA,OTRAS LEYES Y CODIGOS,LEY FEDERAL DEL DERECHO DE AUTOR (L.F.D.A.),-100.0,0.0,0.0,0.0,0.0,0.0,0.0
PUEBLA,OTRAS LEYES Y CODIGOS,LEY FEDERAL PARA PREVENIR Y SANCIONAR LOS DELITOS COMETIDOS EN MATERIA DE HIDROCARBUROS (L.F.P.S.D.C.M.H.),0.0,-35.93,-13.29,-24.49,48.51,-1.5,13.71
PUEBLA,OTRAS LEYES Y CODIGOS,LEY GENERAL EN MATERIA DE DELITOS ELECTORALES (L.G.M.D.E.),0.0,-94.19,980.0,-77.78,-50.0,166.67,237.5
PUEBLA,OTRAS LEYES Y CODIGOS,"LEYES DE INSTITUCIONES DE CREDITO, INVERSION, FIANZAS Y SEGUROS",112.5,17.65,15.0,230.43,-69.74,-47.83,16.67
PUEBLA,OTRAS LEYES Y CODIGOS,OTRAS LEYES ESPECIALES,-56.93,4.6,6.59,2.06,-5.05,13.83,1.87
PUEBLA,OTROS DELITOS,COMETIDOS POR SERVIDORES PUBLICOS,394.12,-9.52,-19.74,95.08,-31.09,37.8,-17.7
PUEBLA,OTROS DELITOS,CONTRA EL AMBIENTE Y LA GESTION AMBIENTAL,100.0,5.56,52.63,-3.45,-14.29,0.0,45.83
PUEBLA,OTROS DELITOS,CONTRA LA INTEGRIDAD CORPORAL,281.82,-54.76,-15.79,-37.5,70.0,-35.29,-9.09
PUEBLA,OTROS DELITOS,ELECTORALES,-81.82,-100.0,0.0,0.0,0.0,0.0,0.0
PUEBLA,OTROS DELITOS,EN MATERIA DE DERECHOS DE AUTOR,33.33,25.0,-100.0,0.0,0.0,-100.0,0.0
PUEBLA,OTROS DELITOS,"FALSEDAD, TITULO DECIMO TERCERO",47.73,-43.08,-13.51,56.25,-36.0,-12.5,82.14
PUEBLA,OTROS DELITOS,OTROS DELITOS DEL C.P.F.,-33.68,33.33,-20.24,-20.9,5.66,-19.64,22.22
PUEBLA,OTROS DELITOS,PATRIMONIALES,-80.17,15.69,-4.83,69.81,-17.64,-1.9,-23.94
PUEBLA,OTROS DELITOS,VIAS DE COMUNICACION Y CORRESPONDENCIA,42.86,0.0,90.0,15.79,9.09,-12.5,66.67
QUERETARO,CONTRA LA SALUD,COMERCIO,20.0,33.33,-25.0,-50.0,-100.0,0.0,0.0
QUERETARO,CONTRA LA SALUD,OTROS,-80.0,-100.0,0.0,0.0,-50.0,0.0,0.0
QUERETARO,CONTRA LA SALUD,POSESION,115.62,-27.54,54.0,0.0,7.79,-12.05,61.64
QUERETARO,CONTRA LA SALUD,PRODUCCION,157.89,-93.88,-66.67,0.0,0.0,0.0,-100.0
QUERETARO,CONTRA LA SALUD,SUMINISTRO,0.0,0.0,0.0,-100.0,0.0,0.0,0.0
QUERETARO,CONTRA LA SALUD,TRAFICO,0.0,3050.0,-43.65,-7.04,-50.0,-6.06,16.13
QUERETARO,CONTRA LA SALUD,TRANSPORTE,284.21,20.55,-10.23,-5.06,8.0,-16.05,97.06
QUERETARO,LEY FEDERAL CONTRA LA DELINCUENCIA ORGANIZADA (L.F.C.D.O.),CONTRA LA SALUD,0.0,0.0,0.0,0.0,0.0,0.0,0.0
QUERETARO,LEY FEDERAL CONTRA LA DELINCUENCIA ORGANIZADA (L.F.C.D.O.),OTROS DELITOS PREVISTOS EN LA L.F.C.D.O.,0.0,300.0,-100.0,0.0,0.0,100.0,25.0
QUERETARO,LEY GENERAL DE SALUD (L.G.S.),CONTRA LA SALUD EN SU MODALIDAD DE NARCOMENUDEO,-25.0,-22.22,28.57,-77.78,-100.0,0.0,0.0
QUERETARO,LEY GENERAL DE SALUD (L.G.S.),OTROS DELITOS PREVISTOS EN LA L.G.S.,0.0,-100.0,0.0,0.0,100.0,0.0,-100.0
QUERETARO,OTRAS LEYES Y CODIGOS,CODIGO FISCAL DE LA FEDERACION (C.F.F.),-7.14,-46.15,-42.86,-50.0,50.0,-16.67,280.0
QUERETARO,OTRAS LEYES Y CODIGOS,LEY DE LA PROPIEDAD INDUSTRIAL (L.P.I.),17.54,-26.87,-28.57,-74.29,88.89,-35.29,18.18
QUERETARO,OTRAS LEYES Y CODIGOS,LEY DE MIGRACION,500.0,-83.33,300.0,50.0,-100.0,0.0,0.0
QUERETARO,OTRAS LEYES Y CODIGOS,LEY DE VIAS GENERALES DE COMUNICACION (L.V.G.C.),40.54,5.77,-31.82,-28.0,46.3,75.95,-5.04
QUERETARO,OTRAS LEYES Y CODIGOS,LEY FEDERAL DE ARMAS DE FUEGO Y EXPLOSIVOS (L.F.A.F.E.),29.56,18.93,0.41,-6.91,-9.61,-14.01,39.89
QUERETARO,OTRAS LEYES Y CODIGOS,LEY FEDERAL DEL DERECHO DE AUTOR (L.F.D.A.),0.0,0.0,0.0,0.0,0.0,0.0,0.0
QUERETARO,OTRAS LEYES Y CODIGOS,LEY FEDERAL PARA PREVENIR Y SANCIONAR LOS DELITOS COMETIDOS EN MATERIA DE HIDROCARBUROS (L.F.P.S.D.C.M.H.),0.0,-64.65,-11.43,-3.23,120.0,-15.91,105.41
QUERETARO,OTRAS LEYES Y CODIGOS,LEY GENERAL EN MATERIA DE DELITOS ELECTORALES (L.G.M.D.E.),0.0,300.0,50.0,-91.67,-100.0,0.0,-72.73
QUERETARO,OTRAS LEYES Y CODIGOS,"LEYES DE INSTITUCIONES DE CREDITO, INVERSION, FIANZAS Y SEGUROS",6.32,-23.42,-61.65,-48.1,-29.27,-34.48,-21.05
QUERETARO,OTRAS LEYES Y CODIGOS,OTRAS LEYES ESPECIALES,-4.76,-46.67,-40.62,105.26,56.41,55.74,28.42
QUERETARO,OTROS DELITOS,COMETIDOS POR SERVIDORES PUBLICOS,9.52,-17.39,-52.63,55.56,64.29,56.52,-19.44
QUERETARO,OTROS DELITOS,CONTRA EL AMBIENTE Y LA GESTION AMBIENTAL,83.33,-27.27,-12.5,57.14,-18.18,-55.56,225.0
QUERETARO,OTROS DELITOS,CONTRA LA INTEGRIDAD CORPORAL,200.0,100.0,-50.0,-33.33,200.0,-16.67,-20.0
QUERETARO,OTROS DELITOS,ELECTORALES,0.0,-100.0,0.0,0.0,0.0,0.0,0.0
QUERETARO,OTROS DELITOS,EN MATERIA DE DERECHOS DE AUTOR,200.0,33.33,50.0,-83.33,0.0,100.0,-50.0
QUERETARO,OTROS DELITOS,"FALSEDAD, TITULO DECIMO TERCERO",26.83,5.77,-49.09,46.43,-14.63,14.29,-5.0
QUERETARO,OTROS DELITOS,OTROS DELITOS DEL C.P.F.,-32.31,2.27,-60.0,-16.67,-33.33,90.0,31.58
QUERETARO,OTROS DELITOS,PATRIMONIALES,6.25,-21.67,-9.68,29.98,13.97,-21.12,12.92
QUERETARO,OTROS DELITOS,VIAS DE COMUNICACION Y CORRESPONDENCIA,140.0,-83.33,550.0,23.08,18.75,10.53,119.05
QUINTANA ROO,CONTRA LA SALUD,COMERCIO,0.0,0.0,25.0,200.0,-26.67,-54.55,-80.0
QUINTANA ROO,CONTRA LA SALUD,OTROS,-59.26,-81.82,50.0,-100.0,0.0,-100.0,0.0
QUINTANA ROO,CONTRA LA SALUD,POSESION,31.03,-50.0,52.63,41.38,41.46,48.28,-61.63
QUINTANA ROO,CONTRA LA SALUD,PRODUCCION,192.86,-97.56,0.0,200.0,-33.33,-100.0,0.0
QUINTANA ROO,CONTRA LA SALUD,SUMINISTRO,0.0,0.0,0.0,0.0,0.0,-100.0,0.0
QUINTANA ROO,CONTRA LA SALUD,TRAFICO,0.0,250.0,7.14,-20.0,-33.33,-62.5,100.0
QUINTANA ROO,CONTRA LA SALUD,TRANSPORTE,-50.0,275.0,-20.0,50.0,-88.89,250.0,-71.43
QUINTANA ROO,LEY FEDERAL CONTRA LA DELINCUENCIA ORGANIZADA (L.F.C.D.O.),CONTRA LA SALUD,25.0,-100.0,0.0,0.0,0.0,0.0,0.0
QUINTANA ROO,LEY FEDERAL CONTRA LA DELINCUENCIA ORGANIZADA (L.F.C.D.O.),OTROS DELITOS PREVISTOS EN LA L.F.C.D.O.,-100.0,0.0,0.0,50.0,-100.0,0.0,100.0
QUINTANA ROO,LEY GENERAL DE SALUD (L.G.S.),CONTRA LA SALUD EN SU MODALIDAD DE NARCOMENUDEO,50.0,-66.67,50.0,100.0,-50.0,-16.67,-100.0
QUINTANA ROO,LEY GENERAL DE SALUD (L.G.S.),OTROS DELITOS PREVISTOS EN LA L.G.S.,0.0,0.0,-100.0,0.0,0.0,0.0,-100.0
QUINTANA ROO,OTRAS LEYES Y CODIGOS,CODIGO FISCAL DE LA FEDERACION (C.F.F.),-33.33,-43.33,17.65,-40.0,58.33,5.26,-35.0
QUINTANA ROO,OTRAS LEYES Y CODIGOS,LEY DE LA PROPIEDAD INDUSTRIAL (L.P.I.),366.67,-64.29,240.0,-82.35,233.33,30.0,-69.23
QUINTANA ROO,OTRAS LEYES Y CODIGOS,LEY DE MIGRACION,333.33,-61.54,-40.0,300.0,0.0,-91.67,100.0
QUINTANA ROO,OTRAS LEYES Y CODIGOS,LEY DE VIAS GENERALES DE COMUNICACION (L.V.G.C.),0.0,-66.67,300.0,-75.0,500.0,-66.67,-100.0
QUINTANA ROO,OTRAS LEYES Y CODIGOS,LEY FEDERAL DE ARMAS DE FUEGO Y EXPLOSIVOS (L.F.A.F.E.),33.06,-15.15,11.43,0.64,-19.11,20.47,-46.41
QUINTANA ROO,OTRAS LEYES Y CODIGOS,LEY FEDERAL DEL DERECHO DE AUTOR (L.F.D.A.),0.0,0.0,0.0,0.0,0.0,0.0,0.0
QUINTANA ROO,OTRAS LEYES Y CODIGOS,LEY FEDERAL PARA PREVENIR Y SANCIONAR LOS DELITOS COMETIDOS EN MATERIA DE HIDROCARBUROS (L.F.P.S.D.C.M.H.),0.0,-11.11,-37.5,-20.0,100.0,-62.5,-33.33
QUINTANA ROO,OTRAS LEYES Y CODIGOS,LEY GENERAL EN MATERIA DE DELITOS ELECTORALES (L.G.M.D.E.),0.0,-7.14,76.92,-52.17,-100.0,0.0,-33.33
QUINTANA ROO,OTRAS LEYES Y CODIGOS,"LEYES DE INSTITUCIONES DE CREDITO, INVERSION, FIANZAS Y SEGUROS",121.43,-38.71,-42.11,9.09,-16.67,-20.0,-37.5
QUINTANA ROO,OTRAS LEYES Y CODIGOS,OTRAS LEYES ESPECIALES,-23.6,-44.12,44.74,-1.82,-35.19,14.29,-52.5
QUINTANA ROO,OTROS DELITOS,COMETIDOS POR SERVIDORES PUBLICOS,79.41,-42.62,74.29,-39.34,18.92,-9.09,-30.0
QUINTANA ROO,OTROS DELITOS,CONTRA EL AMBIENTE Y LA GESTION AMBIENTAL,0.0,-4.35,-18.18,80.56,-46.15,-68.57,54.55
QUINTANA ROO,OTROS DELITOS,CONTRA LA INTEGRIDAD CORPORAL,-20.0,-66.67,125.0,-11.11,-37.5,40.0,-71.43
QUINTANA ROO,OTROS DELITOS,ELECTORALES,-100.0,0.0,0.0,0.0,0.0,0.0,0.0
QUINTANA ROO,OTROS DELITOS,EN MATERIA DE DERECHOS DE AUTOR,-100.0,0.0,0.0,0.0,100.0,-50.0,-100.0
QUINTANA ROO,OTROS DELITOS,"FALSEDAD, TITULO DECIMO TERCERO",237.93,-74.49,64.0,0.0,-48.78,128.57,-66.67
QUINTANA ROO,OTROS DELITOS,OTROS DELITOS DEL C.P.F.,205.71,-71.03,9.68,-8.82,22.58,-26.32,-50.0
QUINTANA ROO,OTROS DELITOS,PATRIMONIALES,-72.88,72.29,23.08,-60.23,-12.86,13.11,72.46
QUINTANA ROO,OTROS DELITOS,VIAS DE COMUNICACION Y CORRESPONDENCIA,33.33,100.0,0.0,-75.0,-100.0,0.0,-100.0
SAN LUIS POTOSI,CONTRA LA SALUD,COMERCIO,-100.0,0.0,25.0,20.0,66.67,130.0,39.13
SAN LUIS POTOSI,CONTRA LA SALUD,OTROS,0.0,-100.0,0.0,0.0,-100.0,0.0,-100.0
SAN LUIS POTOSI,CONTRA LA SALUD,POSESION,-29.17,47.06,-72.0,342.86,12.9,37.14,2.08
SAN LUIS POTOSI,CONTRA LA SALUD,PRODUCCION,14700.0,-100.0,0.0,0.0,0.0,0.0,0.0
SAN LUIS POTOSI,CONTRA LA SALUD,SUMINISTRO,0.0,-96.88,-100.0,0.0,-100.0,0.0,0.0
SAN LUIS POTOSI,CONTRA LA SALUD,TRAFICO,0.0,350.0,-33.33,100.0,-25.0,211.11,50.0
SAN LUIS POTOSI,CONTRA LA SALUD,TRANSPORTE,-85.0,1516.67,-12.71,-91.73,19.05,24.0,-35.48
SAN LUIS POTOSI,LEY FEDERAL CONTRA LA DELINCUENCIA ORGANIZADA (L.F.C.D.O.),CONTRA LA SALUD,0.0,0.0,-100.0,0.0,0.0,-100.0,0.0
SAN LUIS POTOSI,LEY FEDERAL CONTRA LA DELINCUENCIA ORGANIZADA (L.F.C.D.O.),OTROS DELITOS PREVISTOS EN LA L.F.C.D.O.,0.0,0.0,100.0,-50.0,0.0,0.0,0.0
SAN LUIS POTOSI,LEY GENERAL DE SALUD (L.G.S.),CONTRA LA SALUD EN SU MODALIDAD DE NARCOMENUDEO,66.67,-30.0,-100.0,0.0,-66.67,700.0,37.5
SAN LUIS POTOSI,LEY GENERAL DE SALUD (L.G.S.),OTROS DELITOS PREVISTOS EN LA L.G.S.,0.0,-50.0,-100.0,0.0,-33.33,50.0,-100.0
SAN LUIS POTOSI,OTRAS LEYES Y CODIGOS,CODIGO FISCAL DE LA FEDERACION (C.F.F.),3.23,-50.0,18.75,-26.32,-35.71,33.33,8.33
SAN LUIS POTOSI,OTRAS LEYES Y CODIGOS,LEY DE LA PROPIEDAD INDUSTRIAL (L.P.I.),0.0,-83.33,0.0,-100.0,0.0,150.0,-20.0
SAN LUIS POTOSI,OTRAS LEYES Y CODIGOS,LEY DE MIGRACION,-13.33,-61.54,80.0,133.33,-71.43,50.0,-100.0
SAN LUIS POTOSI,OTRAS LEYES Y CODIGOS,LEY DE VIAS GENERALES DE COMUNICACION (L.V.G.C.),-20.0,-60.71,127.27,96.0,-65.31,76.47,60.0
SAN LUIS POTOSI,OTRAS LEYES Y CODIGOS,LEY FEDERAL DE ARMAS DE FUEGO Y EXPLOSIVOS (L.F.A.F.E.),0.0,-15.09,-34.44,55.08,19.13,-2.29,-22.54
SAN LUIS POTOSI,OTRAS LEYES Y CODIGOS,LEY FEDERAL DEL DERECHO DE AUTOR (L.F.D.A.),0.0,0.0,0.0,0.0,0.0,0.0,0.0
SAN LUIS POTOSI,OTRAS LEYES Y CODIGOS,LEY FEDERAL PARA PREVENIR Y SANCIONAR LOS DELITOS COMETIDOS EN MATERIA DE HIDROCARBUROS (L.F.P.S.D.C.M.H.),0.0,-56.1,16.67,-38.1,61.54,28.57,118.52
SAN LUIS POTOSI,OTRAS LEYES Y CODIGOS,LEY GENERAL EN MATERIA DE DELITOS ELECTORALES (L.G.M.D.E.),0.0,0.0,1650.0,-71.43,-50.0,120.0,27.27
SAN LUIS POTOSI,OTRAS LEYES Y CODIGOS,"LEYES DE INSTITUCIONES DE CREDITO, INVERSION, FIANZAS Y SEGUROS",-66.67,-100.0,0.0,-100.0,0.0,150.0,60.0
SAN LUIS POTOSI,OTRAS LEYES Y CODIGOS,OTRAS LEYES ESPECIALES,-41.86,-20.0,5.0,138.1,6.0,-30.19,-13.51
SAN LUIS POTOSI,OTROS DELITOS,COMETIDOS POR SERVIDORES PUBLICOS,500.0,-43.33,58.82,159.26,-32.86,-44.68,15.38
SAN LUIS POTOSI,OTROS DELITOS,CONTRA EL AMBIENTE Y LA GESTION AMBIENTAL,1900.0,-5.0,-10.53,-17.65,-14.29,-50.0,66.67
SAN LUIS POTOSI,OTROS DELITOS,CONTRA LA INTEGRIDAD CORPORAL,100.0,-66.67,0.0,200.0,50.0,44.44,-38.46
SAN LUIS POTOSI,OTROS DELITOS,ELECTORALES,0.0,-100.0,0.0,0.0,0.0,0.0,0.0
SAN LUIS POTOSI,OTROS DELITOS,EN MATERIA DE DERECHOS DE AUTOR,200.0,-83.33,0.0,-100.0,0.0,100.0,-50.0
SAN LUIS POTOSI,OTROS DELITOS,"FALSEDAD, TITULO DECIMO TERCERO",-29.41,-41.67,28.57,188.89,30.77,-35.29,18.18
SAN LUIS POTOSI,OTROS DELITOS,OTROS DELITOS DEL C.P.F.,-72.97,5.0,-33.33,21.43,64.71,-17.86,21.74
SAN LUIS POTOSI,OTROS DELITOS,PATRIMONIALES,-72.19,104.58,29.85,74.71,-12.83,-42.83,14.52
SAN LUIS POTOSI,OTROS DELITOS,VIAS DE COMUNICACION Y CORRESPONDENCIA,-100.0,0.0,-66.67,1200.0,-46.15,-71.43,400.0
SINALOA,CONTRA LA SALUD,COMERCIO,33.33,-75.0,300.0,-25.0,0.0,66.67,40.0
SINALOA,CONTRA LA SALUD,OTROS,-27.45,-21.62,0.0,-37.93,105.56,8.11,-32.5
SINALOA,CONTRA LA SALUD,POSESION,-17.24,-34.38,68.25,-47.17,142.86,-52.94,110.94
SINALOA,CONTRA LA SALUD,PRODUCCION,1550.0,-71.21,-36.84,16.67,135.71,-27.27,-58.33
SINALOA,CONTRA LA SALUD,SUMINISTRO,0.0,0.0,0.0,0.0,0.0,0.0,0.0
SINALOA,CONTRA LA SALUD,TRAFICO,-100.0,0.0,0.0,-34.69,-31.25,163.64,-29.31
SINALOA,CONTRA LA SALUD,TRANSPORTE,-21.82,6.98,0.0,17.39,-7.41,-10.0,24.44
SINALOA,LEY FEDERAL CONTRA LA DELINCUENCIA ORGANIZADA (L.F.C.D.O.),CONTRA LA SALUD,600.0,-57.14,-66.67,300.0,50.0,33.33,87.5
SINALOA,LEY FEDERAL CONTRA LA DELINCUENCIA ORGANIZADA (L.F.C.D.O.),OTROS DELITOS PREVISTOS EN LA L.F.C.D.O.,0.0,0.0,-83.33,300.0,50.0,-16.67,240.0
SINALOA,LEY GENERAL DE SALUD (L.G.S.),CONTRA LA SALUD EN SU MODALIDAD DE NARCOMENUDEO,125.0,-77.78,75.0,-71.43,400.0,-30.0,257.14
SINALOA,LEY GENERAL DE SALUD (L.G.S.),OTROS DELITOS PREVISTOS EN LA L.G.S.,300.0,0.0,-50.0,50.0,100.0,-100.0,0.0
SINALOA,OTRAS LEYES Y CODIGOS,CODIGO FISCAL DE LA FEDERACION (C.F.F.),50.0,-17.78,-5.41,-65.71,25.0,46.67,-18.18
SINALOA,OTRAS LEYES Y CODIGOS,LEY DE LA PROPIEDAD INDUSTRIAL (L.P.I.),-22.22,-85.71,400.0,-60.0,-50.0,50.0,400.0
SINALOA,OTRAS LEYES Y CODIGOS,LEY DE MIGRACION,0.0,0.0,100.0,-100.0,0.0,0.0,0.0
SINALOA,OTRAS LEYES Y CODIGOS,LEY DE VIAS GENERALES DE COMUNICACION (L.V.G.C.),188.89,-69.23,143.75,-12.82,26.47,20.93,-23.08
SINALOA,OTRAS LEYES Y CODIGOS,LEY FEDERAL DE ARMAS DE FUEGO Y EXPLOSIVOS (L.F.A.F.E.),-23.05,-10.15,0.0,4.52,-0.54,-24.46,720.14
SINALOA,OTRAS LEYES Y CODIGOS,LEY FEDERAL DEL DERECHO DE AUTOR (L.F.D.A.),0.0,0.0,0.0,0.0,0.0,0.0,0.0
SINALOA,OTRAS LEYES Y CODIGOS,LEY FEDERAL PARA PREVENIR Y SANCIONAR LOS DELITOS COMETIDOS EN MATERIA DE HIDROCARBUROS (L.F.P.S.D.C.M.H.),0.0,-46.84,-11.9,-59.46,160.0,-66.67,192.31
SINALOA,OTRAS LEYES Y CODIGOS,LEY GENERAL EN MATERIA DE DELITOS ELECTORALES (L.G.M.D.E.),0.0,300.0,500.0,-100.0,0.0,-69.23,150.0
SINALOA,OTRAS LEYES Y CODIGOS,"LEYES DE INSTITUCIONES DE CREDITO, INVERSION, FIANZAS Y SEGUROS",80.0,-33.33,0.0,16.67,28.57,-44.44,120.0
SINALOA,OTRAS LEYES Y CODIGOS,OTRAS LEYES ESPECIALES,101.75,-40.0,-28.99,22.45,-8.33,32.73,24.66
SINALOA,OTROS DELITOS,COMETIDOS POR SERVIDORES PUBLICOS,175.0,-6.06,12.9,-27.14,-56.86,22.73,29.63
SINALOA,OTROS DELITOS,CONTRA EL AMBIENTE Y LA GESTION AMBIENTAL,433.33,-6.25,-33.33,-40.0,66.67,30.0,7.69
SINALOA,OTROS DELITOS,CONTRA LA INTEGRIDAD CORPORAL,60.0,-37.5,10.0,-27.27,125.0,-55.56,400.0
SINALOA,OTROS DELITOS,ELECTORALES,-100.0,0.0,0.0,0.0,0.0,0.0,0.0
SINALOA,OTROS DELITOS,EN MATERIA DE DERECHOS DE AUTOR,-20.0,-75.0,200.0,-100.0,0.0,0.0,0.0
SINALOA,OTROS DELITOS,"FALSEDAD, TITULO DECIMO TERCERO",-26.09,-70.59,70.0,-23.53,92.31,-16.0,-23.81
SINALOA,OTROS DELITOS,OTROS DELITOS DEL C.P.F.,-63.57,-25.49,-52.63,66.67,-13.33,-7.69,70.83
SINALOA,OTROS DELITOS,PATRIMONIALES,-68.29,-42.33,16.94,-5.52,2.19,17.14,18.29
SINALOA,OTROS DELITOS,VIAS DE COMUNICACION Y CORRESPONDENCIA,440.0,-40.74,-25.0,-58.33,-40.0,266.67,-54.55
SONORA,CONTRA LA SALUD,COMERCIO,0.0,0.0,-27.78,7.69,-64.29,-20.0,200.0
SONORA,CONTRA LA SALUD,OTROS,-33.33,-50.0,71.43,-66.67,12.5,-55.56,100.0
SONORA,CONTRA LA SALUD,POSESION,2.08,-37.41,55.43,-13.29,-16.94,-18.45,27.38
SONORA,CONTRA LA SALUD,PRODUCCION,125.0,-97.78,100.0,-50.0,-100.0,0.0,-33.33
SONORA,CONTRA LA SALUD,SUMINISTRO,0.0,-94.74,0.0,-100.0,0.0,0.0,0.0
SONORA,CONTRA LA SALUD,TRAFICO,-27.27,687.5,14.29,-23.61,7.27,-1.69,3.45
SONORA,CONTRA LA SALUD,TRANSPORTE,16.67,521.43,13.79,-21.21,-35.9,40.0,24.29
SONORA,LEY FEDERAL CONTRA LA DELINCUENCIA ORGANIZADA (L.F.C.D.O.),CONTRA LA SALUD,200.0,-66.67,-50.0,100.0,0.0,200.0,33.33
SONORA,LEY FEDERAL CONTRA LA DELINCUENCIA ORGANIZADA (L.F.C.D.O.),OTROS DELITOS PREVISTOS EN LA L.F.C.D.O.,0.0,400.0,-60.0,75.0,-42.86,25.0,80.0
SONORA,LEY GENERAL DE SALUD (L.G.S.),CONTRA LA SALUD EN SU MODALIDAD DE NARCOMENUDEO,165.81,-69.13,23.96,-73.11,6.25,-58.82,278.57
SONORA,LEY GENERAL DE SALUD (L.G.S.),OTROS DELITOS PREVISTOS EN LA L.G.S.,200.0,-66.67,400.0,-80.0,-100.0,0.0,0.0
SONORA,OTRAS LEYES Y CODIGOS,CODIGO FISCAL DE LA FEDERACION (C.F.F.),-13.68,-34.97,-34.45,6.41,-12.05,35.62,34.34
SONORA,OTRAS LEYES Y CODIGOS,LEY DE LA PROPIEDAD INDUSTRIAL (L.P.I.),-5.56,-52.94,137.5,-78.95,-50.0,0.0,250.0
SONORA,OTRAS LEYES Y CODIGOS,LEY DE MIGRACION,400.0,-60.0,325.0,-47.06,22.22,181.82,-80.65
SONORA,OTRAS LEYES Y CODIGOS,LEY DE VIAS GENERALES DE COMUNICACION (L.V.G.C.),600.0,-41.56,33.33,30.0,-11.54,0.0,0.0
SONORA,OTRAS LEYES Y CODIGOS,LEY FEDERAL DE ARMAS DE FUEGO Y EXPLOSIVOS (L.F.A.F.E.),23.18,43.01,26.5,0.45,-17.9,12.07,57.72
SONORA,OTRAS LEYES Y CODIGOS,LEY FEDERAL DEL DERECHO DE AUTOR (L.F.D.A.),0.0,0.0,0.0,0.0,0.0,0.0,0.0
SONORA,OTRAS LEYES Y CODIGOS,LEY FEDERAL PARA PREVENIR Y SANCIONAR LOS DELITOS COMETIDOS EN MATERIA DE HIDROCARBUROS (L.F.P.S.D.C.M.H.),0.0,-61.8,14.71,0.0,-17.95,-50.0,312.5
SONORA,OTRAS LEYES Y CODIGOS,LEY GENERAL EN MATERIA DE DELITOS ELECTORALES (L.G.M.D.E.),0.0,-81.25,1300.0,-92.86,66.67,240.0,-70.59
SONORA,OTRAS LEYES Y CODIGOS,"LEYES DE INSTITUCIONES DE CREDITO, INVERSION, FIANZAS Y SEGUROS",266.67,0.0,-18.18,0.0,-44.44,-40.0,133.33
SONORA,OTRAS LEYES Y CODIGOS,OTRAS LEYES ESPECIALES,108.77,-56.3,-11.54,30.43,-21.67,102.13,12.63
SONORA,OTROS DELITOS,COMETIDOS POR SERVIDORES PUBLICOS,763.64,-63.16,100.0,-41.43,-9.76,35.14,-6.0
SONORA,OTROS DELITOS,CONTRA EL AMBIENTE Y LA GESTION AMBIENTAL,162.5,-57.14,-11.11,50.0,-16.67,10.0,9.09
SONORA,OTROS DELITOS,CONTRA LA INTEGRIDAD CORPORAL,216.67,-10.53,70.59,-17.24,25.0,0.0,0.0
SONORA,OTROS DELITOS,ELECTORALES,-60.0,-100.0,0.0,0.0,0.0,0.0,-100.0
SONORA,OTROS DELITOS,EN MATERIA DE DERECHOS DE AUTOR,0.0,50.0,-66.67,-100.0,0.0,-100.0,0.0
SONORA,OTROS DELITOS,"FALSEDAD, TITULO DECIMO TERCERO",161.54,-66.18,69.57,-15.38,0.0,54.55,-49.02
SONORA,OTROS DELITOS,OTROS DELITOS DEL C.P.F.,37.66,-45.28,82.76,-35.85,-10.29,14.75,-5.71
SONORA,OTROS DELITOS,PATRIMONIALES,102.05,-58.08,-8.59,27.23,-14.39,17.04,10.59
SONORA,OTROS DELITOS,VIAS DE COMUNICACION Y CORRESPONDENCIA,-18.52,-50.0,100.0,-18.18,-83.33,66.67,60.0
TABASCO,CONTRA LA SALUD,COMERCIO,0.0,0.0,-50.0,-100.0,0.0,200.0,133.33
TABASCO,CONTRA LA SALUD,OTROS,-100.0,0.0,-100.0,0.0,0.0,0.0,0.0
TABASCO,CONTRA LA SALUD,POSESION,50.0,-66.67,0.0,-100.0,0.0,500.0,50.0
TABASCO,CONTRA LA SALUD,PRODUCCION,700.0,-100.0,0.0,0.0,0.0,0.0,0.0
TABASCO,CONTRA LA SALUD,SUMINISTRO,0.0,0.0,0.0,0.0,0.0,0.0,0.0
TABASCO,CONTRA LA SALUD,TRAFICO,0.0,0.0,500.0,-83.33,0.0,-100.0,0.0
TABASCO,CONTRA LA SALUD,TRANSPORTE,0.0,200.0,100.0,-50.0,33.33,-75.0,200.0
TABASCO,LEY FEDERAL CONTRA LA DELINCUENCIA ORGANIZADA (L.F.C.D.O.),CONTRA LA SALUD,0.0,-100.0,0.0,0.0,0.0,0.0,0.0
TABASCO,LEY FEDERAL CONTRA LA DELINCUENCIA ORGANIZADA (L.F.C.D.O.),OTROS DELITOS PREVISTOS EN LA L.F.C.D.O.,0.0,-50.0,0.0,0.0,100.0,-50.0,200.0
TABASCO,LEY GENERAL DE SALUD (L.G.S.),CONTRA LA SALUD EN SU MODALIDAD DE NARCOMENUDEO,-30.77,-83.33,100.0,-33.33,-50.0,1800.0,5.26
TABASCO,LEY GENERAL DE SALUD (L.G.S.),OTROS DELITOS PREVISTOS EN LA L.G.S.,0.0,0.0,-100.0,0.0,0.0,-100.0,0.0
TABASCO,OTRAS LEYES Y CODIGOS,CODIGO FISCAL DE LA FEDERACION (C.F.F.),144.44,-68.18,-14.29,16.67,100.0,-85.71,500.0
TABASCO,OTRAS LEYES Y CODIGOS,LEY DE LA PROPIEDAD INDUSTRIAL (L.P.I.),0.0,-100.0,0.0,100.0,-50.0,100.0,100.0
TABASCO,OTRAS LEYES Y CODIGOS,LEY DE MIGRACION,170.73,-74.77,235.71,-11.7,-66.27,28.57,-75.0
TABASCO,OTRAS LEYES Y CODIGOS,LEY DE VIAS GENERALES DE COMUNICACION (L.V.G.C.),220.59,-46.79,18.97,-20.29,114.55,40.68,-12.05
TABASCO,OTRAS LEYES Y CODIGOS,LEY FEDERAL DE ARMAS DE FUEGO Y EXPLOSIVOS (L.F.A.F.E.),28.3,-47.79,0.0,-40.85,35.71,135.09,160.45
TABASCO,OTRAS LEYES Y CODIGOS,LEY FEDERAL DEL DERECHO DE AUTOR (L.F.D.A.),0.0,0.0,0.0,0.0,0.0,0.0,0.0
TABASCO,OTRAS LEYES Y CODIGOS,LEY FEDERAL PARA PREVENIR Y SANCIONAR LOS DELITOS COMETIDOS EN MATERIA DE HIDROCARBUROS (L.F.P.S.D.C.M.H.),0.0,-56.0,8.56,-5.42,14.58,-2.27,28.84
TABASCO,OTRAS LEYES Y CODIGOS,LEY GENERAL EN MATERIA DE DELITOS ELECTORALES (L.G.M.D.E.),0.0,-33.33,1000.0,-81.82,-75.0,700.0,-37.5
TABASCO,OTRAS LEYES Y CODIGOS,"LEYES DE INSTITUCIONES DE CREDITO, INVERSION, FIANZAS Y SEGUROS",100.0,50.0,0.0,33.33,-25.0,100.0,-50.0
TABASCO,OTRAS LEYES Y CODIGOS,OTRAS LEYES ESPECIALES,-9.76,-35.14,-29.17,41.18,12.5,18.52,-37.5
TABASCO,OTROS DELITOS,COMETIDOS POR SERVIDORES PUBLICOS,362.5,-39.19,-17.78,-13.51,28.12,46.34,-66.67
TABASCO,OTROS DELITOS,CONTRA EL AMBIENTE Y LA GESTION AMBIENTAL,142.86,-52.94,87.5,-66.67,160.0,-30.77,77.78
TABASCO,OTROS DELITOS,CONTRA LA INTEGRIDAD CORPORAL,50.0,0.0,50.0,-33.33,16.67,114.29,-40.0
TABASCO,OTROS DELITOS,ELECTORALES,0.0,0.0,0.0,-100.0,0.0,0.0,0.0
TABASCO,OTROS DELITOS,EN MATERIA DE DERECHOS DE AUTOR,0.0,-83.33,-100.0,0.0,0.0,0.0,-100.0
TABASCO,OTROS DELITOS,"FALSEDAD, TITULO DECIMO TERCERO",200.0,-45.83,-15.38,18.18,53.85,35.0,-40.74
TABASCO,OTROS DELITOS,OTROS DELITOS DEL C.P.F.,36.67,-45.12,15.56,-40.38,32.26,2.44,16.67
TABASCO,OTROS DELITOS,PATRIMONIALES,-10.63,-42.8,0.67,-43.33,14.12,-23.2,-0.67
TABASCO,OTROS DELITOS,VIAS DE COMUNICACION Y CORRESPONDENCIA,200.0,333.33,61.54,-66.67,14.29,-100.0,0.0
TAMAULIPAS,CONTRA LA SALUD,COMERCIO,0.0,-100.0,0.0,-50.0,200.0,33.33,50.0
TAMAULIPAS,CONTRA LA SALUD,OTROS,-100.0,0.0,0.0,0.0,0.0,0.0,0.0
TAMAULIPAS,CONTRA LA SALUD,POSESION,68.97,2.04,-18.0,-36.59,11.54,-48.28,180.0
TAMAULIPAS,CONTRA LA SALUD,PRODUCCION,0.0,-100.0,0.0,0.0,-100.0,0.0,0.0
TAMAULIPAS,CONTRA LA SALUD,SUMINISTRO,0.0,0.0,0.0,0.0,0.0,0.0,0.0
TAMAULIPAS,CONTRA LA SALUD,TRAFICO,0.0,200.0,-41.67,28.57,44.44,-38.46,112.5
TAMAULIPAS,CONTRA LA SALUD,TRANSPORTE,700.0,-12.5,-28.57,160.0,-23.08,-70.0,66.67
TAMAULIPAS,LEY FEDERAL CONTRA LA DELINCUENCIA ORGANIZADA (L.F.C.D.O.),CONTRA LA SALUD,350.0,-100.0,0.0,50.0,-66.67,100.0,-50.0
TAMAULIPAS,LEY FEDERAL CONTRA LA DELINCUENCIA ORGANIZADA (L.F.C.D.O.),OTROS DELITOS PREVISTOS EN LA L.F.C.D.O.,-20.0,25.0,80.0,0.0,-22.22,71.43,-8.33
TAMAULIPAS,LEY GENERAL DE SALUD (L.G.S.),CONTRA LA SALUD EN SU MODALIDAD DE NARCOMENUDEO,0.0,33.33,25.0,40.0,-57.14,266.67,-54.55
TAMAULIPAS,LEY GENERAL DE SALUD (L.G.S.),OTROS DELITOS PREVISTOS EN LA L.G.S.,-100.0,0.0,-100.0,0.0,33.33,-50.0,100.0
TAMAULIPAS,OTRAS LEYES Y CODIGOS,CODIGO FISCAL DE LA FEDERACION (C.F.F.),-24.42,26.15,9.76,-35.56,17.24,14.71,16.67
TAMAULIPAS,OTRAS LEYES Y CODIGOS,LEY DE LA PROPIEDAD INDUSTRIAL (L.P.I.),-66.67,0.0,0.0,0.0,400.0,20.0,-33.33
TAMAULIPAS,OTRAS LEYES Y CODIGOS,LEY DE MIGRACION,7.5,-69.77,353.85,-15.25,-74.0,38.46,-83.33
TAMAULIPAS,OTRAS LEYES Y CODIGOS,LEY DE VIAS GENERALES DE COMUNICACION (L.V.G.C.),-9.09,75.0,-25.71,96.15,15.69,-15.25,14.0
TAMAULIPAS,OTRAS LEYES Y CODIGOS,LEY FEDERAL DE ARMAS DE FUEGO Y EXPLOSIVOS (L.F.A.F.E.),-17.46,3.37,19.53,-14.98,35.47,7.77,-15.05
TAMAULIPAS,OTRAS LEYES Y CODIGOS,LEY FEDERAL DEL DERECHO DE AUTOR (L.F.D.A.),0.0,0.0,0.0,0.0,0.0,0.0,0.0
TAMAULIPAS,OTRAS LEYES Y CODIGOS,LEY FEDERAL PARA PREVENIR Y SANCIONAR LOS DELITOS COMETIDOS EN MATERIA DE HIDROCARBUROS (L.F.P.S.D.C.M.H.),0.0,-64.85,-27.13,34.04,80.16,40.53,-21.32
TAMAULIPAS,OTRAS LEYES Y CODIGOS,LEY GENERAL EN MATERIA DE DELITOS ELECTORALES (L.G.M.D.E.),0.0,-80.0,966.67,-81.25,-50.0,100.0,-58.33
TAMAULIPAS,OTRAS LEYES Y CODIGOS,"LEYES DE INSTITUCIONES DE CREDITO, INVERSION, FIANZAS Y SEGUROS",-18.18,33.33,41.67,47.06,-80.0,-40.0,233.33
TAMAULIPAS,OTRAS LEYES Y CODIGOS,OTRAS LEYES ESPECIALES,33.63,-52.32,11.11,37.5,-40.0,-10.61,47.46
TAMAULIPAS,OTROS DELITOS,COMETIDOS POR SERVIDORES PUBLICOS,416.0,-53.49,-16.67,34.0,-28.36,18.75,-31.58
TAMAULIPAS,OTROS DELITOS,CONTRA EL AMBIENTE Y LA GESTION AMBIENTAL,16.67,14.29,-25.0,33.33,75.0,7.14,20.0
TAMAULIPAS,OTROS DELITOS,CONTRA LA INTEGRIDAD CORPORAL,131.03,-2.99,-10.77,-44.83,21.88,5.13,-41.46
TAMAULIPAS,OTROS DELITOS,ELECTORALES,0.0,0.0,0.0,0.0,0.0,0.0,0.0
TAMAULIPAS,OTROS DELITOS,EN MATERIA DE DERECHOS DE AUTOR,0.0,0.0,0.0,100.0,-50.0,200.0,-66.67
TAMAULIPAS,OTROS DELITOS,"FALSEDAD, TITULO DECIMO TERCERO",4.17,-12.0,0.0,-4.55,9.52,52.17,-20.0
TAMAULIPAS,OTROS DELITOS,OTROS DELITOS DEL C.P.F.,-67.27,-44.44,70.0,-33.82,13.33,11.76,-10.53
TAMAULIPAS,OTROS DELITOS,PATRIMONIALES,-48.88,-6.22,-14.25,-13.75,43.52,47.22,-31.6
TAMAULIPAS,OTROS DELITOS,VIAS DE COMUNICACION Y CORRESPONDENCIA,175.0,-18.18,-11.11,50.0,8.33,-46.15,28.57
TLAXCALA,CONTRA LA SALUD,COMERCIO,0.0,0.0,-85.71,-100.0,0.0,-75.0,400.0
TLAXCALA,CONTRA LA SALUD,OTROS,-100.0,0.0,0.0,0.0,100.0,-75.0,0.0
TLAXCALA,CONTRA LA SALUD,POSESION,0.0,33.33,50.0,-83.33,800.0,-77.78,800.0
TLAXCALA,CONTRA LA SALUD,PRODUCCION,0.0,-100.0,0.0,0.0,0.0,-100.0,0.0
TLAXCALA,CONTRA LA SALUD,SUMINISTRO,0.0,-100.0,0.0,0.0,0.0,0.0,0.0
TLAXCALA,CONTRA LA SALUD,TRAFICO,0.0,0.0,-100.0,0.0,-25.0,-100.0,0.0
TLAXCALA,CONTRA LA SALUD,TRANSPORTE,0.0,0.0,0.0,0.0,0.0,0.0,0.0
TLAXCALA,LEY FEDERAL CONTRA LA DELINCUENCIA ORGANIZADA (L.F.C.D.O.),CONTRA LA SALUD,0.0,0.0,0.0,0.0,0.0,0.0,0.0
TLAXCALA,LEY FEDERAL CONTRA LA DELINCUENCIA ORGANIZADA (L.F.C.D.O.),OTROS DELITOS PREVISTOS EN LA L.F.C.D.O.,0.0,-100.0,0.0,0.0,0.0,-100.0,0.0
TLAXCALA,LEY GENERAL DE SALUD (L.G.S.),CONTRA LA SALUD EN SU MODALIDAD DE NARCOMENUDEO,50.0,33.33,25.0,-20.0,25.0,-60.0,50.0
TLAXCALA,LEY GENERAL DE SALUD (L.G.S.),OTROS DELITOS PREVISTOS EN LA L.G.S.,0.0,0.0,0.0,0.0,0.0,0.0,0.0
TLAXCALA,OTRAS LEYES Y CODIGOS,CODIGO FISCAL DE LA FEDERACION (C.F.F.),50.0,-16.67,-20.0,37.5,-27.27,12.5,-22.22
TLAXCALA,OTRAS LEYES Y CODIGOS,LEY DE LA PROPIEDAD INDUSTRIAL (L.P.I.),-63.64,-75.0,200.0,-100.0,0.0,0.0,400.0
TLAXCALA,OTRAS LEYES Y CODIGOS,LEY DE MIGRACION,-20.0,-25.0,400.0,20.0,0.0,-27.78,-92.31
TLAXCALA,OTRAS LEYES Y CODIGOS,LEY DE VIAS GENERALES DE COMUNICACION (L.V.G.C.),-50.77,-25.0,20.83,34.48,43.59,0.0,-35.71
TLAXCALA,OTRAS LEYES Y CODIGOS,LEY FEDERAL DE ARMAS DE FUEGO Y EXPLOSIVOS (L.F.A.F.E.),30.16,23.17,-32.67,29.41,18.18,-34.62,25.0
TLAXCALA,OTRAS LEYES Y CODIGOS,LEY FEDERAL DEL DERECHO DE AUTOR (L.F.D.A.),0.0,0.0,0.0,0.0,0.0,0.0,0.0
TLAXCALA,OTRAS LEYES Y CODIGOS,LEY FEDERAL PARA PREVENIR Y SANCIONAR LOS DELITOS COMETIDOS EN MATERIA DE HIDROCARBUROS (L.F.P.S.D.C.M.H.),0.0,-60.87,22.22,48.48,43.88,-17.73,28.45
TLAXCALA,OTRAS LEYES Y CODIGOS,LEY GENERAL EN MATERIA DE DELITOS ELECTORALES (L.G.M.D.E.),0.0,-50.0,6800.0,-98.55,0.0,1100.0,-75.0
TLAXCALA,OTRAS LEYES Y CODIGOS,"LEYES DE INSTITUCIONES DE CREDITO, INVERSION, FIANZAS Y SEGUROS",50.0,133.33,414.29,-91.67,100.0,-16.67,-80.0
TLAXCALA,OTRAS LEYES Y CODIGOS,OTRAS LEYES ESPECIALES,-33.33,0.0,65.62,-45.28,-17.24,66.67,20.0
TLAXCALA,OTROS DELITOS,COMETIDOS POR SERVIDORES PUBLICOS,15.38,40.0,47.62,22.58,-39.47,47.83,-17.65
TLAXCALA,OTROS DELITOS,CONTRA EL AMBIENTE Y LA GESTION AMBIENTAL,27.27,-21.43,118.18,120.83,-18.87,32.56,24.56
TLAXCALA,OTROS DELITOS,CONTRA LA INTEGRIDAD CORPORAL,-37.5,-20.0,-50.0,200.0,16.67,0.0,-28.57
TLAXCALA,OTROS DELITOS,ELECTORALES,-100.0,0.0,0.0,0.0,0.0,0.0,0.0
TLAXCALA,OTROS DELITOS,EN MATERIA DE DERECHOS DE AUTOR,-83.33,0.0,-100.0,0.0,0.0,0.0,0.0
TLAXCALA,OTROS DELITOS,"FALSEDAD, TITULO DECIMO TERCERO",-17.65,-7.14,-38.46,162.5,-61.9,125.0,-11.11
TLAXCALA,OTROS DELITOS,OTROS DELITOS DEL C.P.F.,-55.17,84.62,-29.17,-23.53,53.85,60.0,-21.88
TLAXCALA,OTROS DELITOS,PATRIMONIALES,-30.78,-39.53,0.0,30.74,5.06,-2.55,-7.56
TLAXCALA,OTROS DELITOS,VIAS DE COMUNICACION Y CORRESPONDENCIA,500.0,33.33,-25.0,350.0,-77.78,-50.0,500.0
VERACRUZ,CONTRA LA SALUD,COMERCIO,-33.33,50.0,-66.67,100.0,50.0,-33.33,50.0
VERACRUZ,CONTRA LA SALUD,OTROS,-66.67,-50.0,-100.0,0.0,-100.0,0.0,0.0
VERACRUZ,CONTRA LA SALUD,POSESION,83.33,9.09,58.33,100.0,-34.21,-48.0,-23.08
VERACRUZ,CONTRA LA SALUD,PRODUCCION,1100.0,-91.67,0.0,-100.0,0.0,0.0,-100.0
VERACRUZ,CONTRA LA SALUD,SUMINISTRO,0.0,0.0,0.0,0.0,0.0,0.0,0.0
VERACRUZ,CONTRA LA SALUD,TRAFICO,0.0,400.0,-10.0,0.0,100.0,-55.56,-75.0
VERACRUZ,CONTRA LA SALUD,TRANSPORTE,-76.47,-50.0,100.0,-50.0,250.0,-57.14,-33.33
VERACRUZ,LEY FEDERAL CONTRA LA DELINCUENCIA ORGANIZADA (L.F.C.D.O.),CONTRA LA SALUD,0.0,-50.0,-100.0,0.0,0.0,0.0,0.0
VERACRUZ,LEY FEDERAL CONTRA LA DELINCUENCIA ORGANIZADA (L.F.C.D.O.),OTROS DELITOS PREVISTOS EN LA L.F.C.D.O.,-50.0,150.0,-40.0,0.0,0.0,33.33,75.0
VERACRUZ,LEY GENERAL DE SALUD (L.G.S.),CONTRA LA SALUD EN SU MODALIDAD DE NARCOMENUDEO,2300.0,-50.0,-8.33,-9.09,-40.0,16.67,-42.86
VERACRUZ,LEY GENERAL DE SALUD (L.G.S.),OTROS DELITOS PREVISTOS EN LA L.G.S.,0.0,0.0,-50.0,0.0,-100.0,0.0,0.0
VERACRUZ,OTRAS LEYES Y CODIGOS,CODIGO FISCAL DE LA FEDERACION (C.F.F.),-59.82,28.89,31.03,-50.0,2.63,33.33,-7.69
VERACRUZ,OTRAS LEYES Y CODIGOS,LEY DE LA PROPIEDAD INDUSTRIAL (L.P.I.),-45.45,-66.67,250.0,-71.43,350.0,-33.33,-16.67
VERACRUZ,OTRAS LEYES Y CODIGOS,LEY DE MIGRACION,68.09,-60.76,309.68,28.35,-44.17,2.2,-81.72
VERACRUZ,OTRAS LEYES Y CODIGOS,LEY DE VIAS GENERALES DE COMUNICACION (L.V.G.C.),16.94,7.94,-0.87,31.44,10.3,-20.18,11.32
VERACRUZ,OTRAS LEYES Y CODIGOS,LEY FEDERAL DE ARMAS DE FUEGO Y EXPLOSIVOS (L.F.A.F.E.),63.01,5.32,-26.26,13.7,-2.81,-25.21,20.44
VERACRUZ,OTRAS LEYES Y CODIGOS,LEY FEDERAL DEL DERECHO DE AUTOR (L.F.D.A.),0.0,0.0,0.0,0.0,0.0,0.0,0.0
VERACRUZ,OTRAS LEYES Y CODIGOS,LEY FEDERAL PARA PREVENIR Y SANCIONAR LOS DELITOS COMETIDOS EN MATERIA DE HIDROCARBUROS (L.F.P.S.D.C.M.H.),0.0,-56.83,-26.92,39.27,22.38,-32.07,-13.64
VERACRUZ,OTRAS LEYES Y CODIGOS,LEY GENERAL EN MATERIA DE DELITOS ELECTORALES (L.G.M.D.E.),0.0,0.0,588.89,-85.48,-22.22,0.0,28.57
VERACRUZ,OTRAS LEYES Y CODIGOS,"LEYES DE INSTITUCIONES DE CREDITO, INVERSION, FIANZAS Y SEGUROS",-12.5,57.14,0.0,36.36,-66.67,160.0,61.54
VERACRUZ,OTRAS LEYES Y CODIGOS,OTRAS LEYES ESPECIALES,81.88,-41.83,-4.79,26.62,19.32,-32.86,-38.3
VERACRUZ,OTROS DELITOS,COMETIDOS POR SERVIDORES PUBLICOS,220.83,-48.7,201.27,-60.08,29.47,-41.46,-6.94
VERACRUZ,OTROS DELITOS,CONTRA EL AMBIENTE Y LA GESTION AMBIENTAL,186.67,-32.56,0.0,79.31,-40.38,0.0,-12.9
VERACRUZ,OTROS DELITOS,CONTRA LA INTEGRIDAD CORPORAL,43.75,-47.83,-16.67,20.0,0.0,41.67,52.94
VERACRUZ,OTROS DELITOS,ELECTORALES,-100.0,0.0,0.0,-100.0,0.0,0.0,0.0
VERACRUZ,OTROS DELITOS,EN MATERIA DE DERECHOS DE AUTOR,-77.78,-100.0,0.0,-83.33,-100.0,0.0,0.0
VERACRUZ,OTROS DELITOS,"FALSEDAD, TITULO DECIMO TERCERO",67.31,-48.28,8.89,42.86,7.14,-33.33,16.0
VERACRUZ,OTROS DELITOS,OTROS DELITOS DEL C.P.F.,13.89,-50.24,-18.63,12.05,-16.13,25.64,36.73
VERACRUZ,OTROS DELITOS,PATRIMONIALES,-54.58,-36.92,17.26,-19.47,-14.98,-5.21,-9.72
VERACRUZ,OTROS DELITOS,VIAS DE COMUNICACION Y CORRESPONDENCIA,-16.67,-10.0,166.67,-33.33,-68.75,-80.0,300.0
YUCATAN,CONTRA LA SALUD,COMERCIO,88.89,-70.59,40.0,185.71,-5.0,-31.58,-100.0
YUCATAN,CONTRA LA SALUD,OTROS,0.0,-100.0,0.0,0.0,0.0,-100.0,0.0
YUCATAN,CONTRA LA SALUD,POSESION,-44.44,120.0,-45.45,283.33,-73.91,0.0,-16.67
YUCATAN,CONTRA LA SALUD,PRODUCCION,0.0,0.0,0.0,0.0,0.0,0.0,-100.0
YUCATAN,CONTRA LA SALUD,SUMINISTRO,-100.0,0.0,0.0,0.0,0.0,0.0,0.0
YUCATAN,CONTRA LA SALUD,TRAFICO,0.0,0.0,50.0,133.33,0.0,-71.43,300.0
YUCATAN,CONTRA LA SALUD,TRANSPORTE,27.27,-64.29,50.0,-53.33,142.86,-17.65,-35.71
YUCATAN,LEY FEDERAL CONTRA LA DELINCUENCIA ORGANIZADA (L.F.C.D.O.),CONTRA LA SALUD,0.0,0.0,0.0,0.0,0.0,0.0,0.0
YUCATAN,LEY FEDERAL CONTRA LA DELINCUENCIA ORGANIZADA (L.F.C.D.O.),OTROS DELITOS PREVISTOS EN LA L.F.C.D.O.,0.0,0.0,0.0,-100.0,0.0,0.0,0.0
YUCATAN,LEY GENERAL DE SALUD (L.G.S.),CONTRA LA SALUD EN SU MODALIDAD DE NARCOMENUDEO,-50.0,600.0,-57.14,100.0,-16.67,200.0,66.67
YUCATAN,LEY GENERAL DE SALUD (L.G.S.),OTROS DELITOS PREVISTOS EN LA L.G.S.,0.0,0.0,0.0,-100.0,0.0,100.0,-50.0
YUCATAN,OTRAS LEYES Y CODIGOS,CODIGO FISCAL DE LA FEDERACION (C.F.F.),-6.67,-57.14,50.0,-22.22,114.29,26.67,-42.11
YUCATAN,OTRAS LEYES Y CODIGOS,LEY DE LA PROPIEDAD INDUSTRIAL (L.P.I.),72.73,-73.68,680.0,-38.46,-70.83,128.57,-75.0
YUCATAN,OTRAS LEYES Y CODIGOS,LEY DE MIGRACION,-100.0,0.0,0.0,0.0,200.0,100.0,-66.67
YUCATAN,OTRAS LEYES Y CODIGOS,LEY DE VIAS GENERALES DE COMUNICACION (L.V.G.C.),-26.53,-44.44,300.0,-13.75,27.54,-71.59,68.0
YUCATAN,OTRAS LEYES Y CODIGOS,LEY FEDERAL DE ARMAS DE FUEGO Y EXPLOSIVOS (L.F.A.F.E.),-46.67,75.0,14.29,31.25,-23.81,0.0,-31.25
YUCATAN,OTRAS LEYES Y CODIGOS,LEY FEDERAL DEL DERECHO DE AUTOR (L.F.D.A.),0.0,0.0,0.0,0.0,0.0,0.0,0.0
YUCATAN,OTRAS LEYES Y CODIGOS,LEY FEDERAL PARA PREVENIR Y SANCIONAR LOS DELITOS COMETIDOS EN MATERIA DE HIDROCARBUROS (L.F.P.S.D.C.M.H.),0.0,-86.11,140.0,-50.0,-33.33,-50.0,100.0
YUCATAN,OTRAS LEYES Y CODIGOS,LEY GENERAL EN MATERIA DE DELITOS ELECTORALES (L.G.M.D.E.),0.0,1600.0,194.12,-94.0,-66.67,3700.0,-71.05
YUCATAN,OTRAS LEYES Y CODIGOS,"LEYES DE INSTITUCIONES DE CREDITO, INVERSION, FIANZAS Y SEGUROS",33.33,25.0,120.0,-18.18,-44.44,0.0,0.0
YUCATAN,OTRAS LEYES Y CODIGOS,OTRAS LEYES ESPECIALES,-37.5,-48.89,4.35,116.67,9.62,-21.05,102.22
YUCATAN,OTROS DELITOS,COMETIDOS POR SERVIDORES PUBLICOS,-19.51,39.39,-52.17,27.27,-17.86,-30.43,93.75
YUCATAN,OTROS DELITOS,CONTRA EL AMBIENTE Y LA GESTION AMBIENTAL,-61.73,-32.26,19.05,-8.0,-13.04,-25.0,140.0
YUCATAN,OTROS DELITOS,CONTRA LA INTEGRIDAD CORPORAL,100.0,0.0,-40.0,0.0,66.67,0.0,0.0
YUCATAN,OTROS DELITOS,ELECTORALES,-100.0,0.0,0.0,0.0,0.0,0.0,0.0
YUCATAN,OTROS DELITOS,EN MATERIA DE DERECHOS DE AUTOR,-85.71,200.0,-83.33,0.0,200.0,-100.0,0.0
YUCATAN,OTROS DELITOS,"FALSEDAD, TITULO DECIMO TERCERO",11.54,-75.86,71.43,116.67,0.0,73.08,-35.56
YUCATAN,OTROS DELITOS,OTROS DELITOS DEL C.P.F.,17.86,-15.15,-21.43,22.73,-18.52,63.64,-41.67
YUCATAN,OTROS DELITOS,PATRIMONIALES,-43.51,-39.19,88.89,-43.53,41.67,30.88,-13.48
YUCATAN,OTROS DELITOS,VIAS DE COMUNICACION Y CORRESPONDENCIA,0.0,-100.0,0.0,0.0,-100.0,0.0,0.0
ZACATECAS,CONTRA LA SALUD,COMERCIO,-100.0,0.0,0.0,0.0,0.0,0.0,0.0
ZACATECAS,CONTRA LA SALUD,OTROS,-100.0,0.0,-100.0,0.0,-40.0,0.0,100.0
ZACATECAS,CONTRA LA SALUD,POSESION,255.56,-56.25,28.57,-27.78,92.31,-48.0,-30.77
ZACATECAS,CONTRA LA SALUD,PRODUCCION,0.0,-100.0,0.0,0.0,0.0,0.0,0.0
ZACATECAS,CONTRA LA SALUD,SUMINISTRO,0.0,0.0,0.0,0.0,0.0,0.0,0.0
ZACATECAS,CONTRA LA SALUD,TRAFICO,-100.0,0.0,100.0,-100.0,0.0,0.0,-33.33
ZACATECAS,CONTRA LA SALUD,TRANSPORTE,-53.85,-33.33,-50.0,-100.0,0.0,0.0,-100.0
ZACATECAS,LEY FEDERAL CONTRA LA DELINCUENCIA ORGANIZADA (L.F.C.D.O.),CONTRA LA SALUD,0.0,-100.0,0.0,-100.0,0.0,0.0,-100.0
ZACATECAS,LEY FEDERAL CONTRA LA DELINCUENCIA ORGANIZADA (L.F.C.D.O.),OTROS DELITOS PREVISTOS EN LA L.F.C.D.O.,-50.0,100.0,0.0,-100.0,0.0,0.0,-100.0
ZACATECAS,LEY GENERAL DE SALUD (L.G.S.),CONTRA LA SALUD EN SU MODALIDAD DE NARCOMENUDEO,50.0,-33.33,50.0,66.67,40.0,-14.29,-16.67
ZACATECAS,LEY GENERAL DE SALUD (L.G.S.),OTROS DELITOS PREVISTOS EN LA L.G.S.,0.0,0.0,0.0,0.0,0.0,0.0,100.0
ZACATECAS,OTRAS LEYES Y CODIGOS,CODIGO FISCAL DE LA FEDERACION (C.F.F.),-46.67,-58.33,20.0,-58.33,160.0,7.69,121.43
ZACATECAS,OTRAS LEYES Y CODIGOS,LEY DE LA PROPIEDAD INDUSTRIAL (L.P.I.),0.0,0.0,100.0,-100.0,0.0,0.0,0.0
ZACATECAS,OTRAS LEYES Y CODIGOS,LEY DE MIGRACION,225.0,-84.62,250.0,-57.14,133.33,14.29,-87.5
ZACATECAS,OTRAS LEYES Y CODIGOS,LEY DE VIAS GENERALES DE COMUNICACION (L.V.G.C.),-25.93,-50.0,-10.0,77.78,41.67,8.82,17.57
ZACATECAS,OTRAS LEYES Y CODIGOS,LEY FEDERAL DE ARMAS DE FUEGO Y EXPLOSIVOS (L.F.A.F.E.),57.39,23.76,20.98,-4.06,16.92,-24.34,-4.78
ZACATECAS,OTRAS LEYES Y CODIGOS,LEY FEDERAL DEL DERECHO DE AUTOR (L.F.D.A.),-100.0,0.0,0.0,0.0,0.0,0.0,0.0
ZACATECAS,OTRAS LEYES Y CODIGOS,LEY FEDERAL PARA PREVENIR Y SANCIONAR LOS DELITOS COMETIDOS EN MATERIA DE HIDROCARBUROS (L.F.P.S.D.C.M.H.),0.0,50.0,-16.67,-60.0,100.0,-25.0,-33.33
ZACATECAS,OTRAS LEYES Y CODIGOS,LEY GENERAL EN MATERIA DE DELITOS ELECTORALES (L.G.M.D.E.),0.0,300.0,325.0,-100.0,0.0,400.0,-60.0
ZACATECAS,OTRAS LEYES Y CODIGOS,"LEYES DE INSTITUCIONES DE CREDITO, INVERSION, FIANZAS Y SEGUROS",-33.33,150.0,-20.0,-25.0,-66.67,400.0,-80.0
ZACATECAS,OTRAS LEYES Y CODIGOS,OTRAS LEYES ESPECIALES,26.92,-33.33,-9.09,25.0,72.0,30.23,35.71
ZACATECAS,OTROS DELITOS,COMETIDOS POR SERVIDORES PUBLICOS,123.08,-58.62,-8.33,100.0,-54.55,10.0,54.55
ZACATECAS,OTROS DELITOS,CONTRA EL AMBIENTE Y LA GESTION AMBIENTAL,-71.43,-100.0,0.0,-66.67,100.0,-50.0,0.0
ZACATECAS,OTROS DELITOS,CONTRA LA INTEGRIDAD CORPORAL,200.0,-50.0,333.33,0.0,38.46,-38.89,90.91
ZACATECAS,OTROS DELITOS,ELECTORALES,-100.0,0.0,0.0,0.0,0.0,0.0,0.0
ZACATECAS,OTROS DELITOS,EN MATERIA DE DERECHOS DE AUTOR,50.0,33.33,50.0,-16.67,20.0,-50.0,-66.67
ZACATECAS,OTROS DELITOS,"FALSEDAD, TITULO DECIMO TERCERO",0.0,-55.56,25.0,40.0,0.0,-42.86,150.0
ZACATECAS,OTROS DELITOS,OTROS DELITOS DEL C.P.F.,13.79,69.7,-69.64,41.18,-25.0,-72.22,40.0
ZACATECAS,OTROS DELITOS,PATRIMONIALES,-56.42,-19.23,19.05,9.33,2.44,10.71,-3.23
ZACATECAS,OTROS DELITOS,VIAS DE COMUNICACION Y CORRESPONDENCIA,0.0,0.0,0.0,0.0,-100.0,0.0,0.0
